ts_code,stock_name,holiday,corr_pre7_dummy,avg_pre7_cum_return_pct,avg_post7_cum_return_pct,events
001318.SZ,阳光乳业,端午,0.08781343730416151,16.741171809096837,-6.418028778906571,3
001318.SZ,阳光乳业,国庆,0.020440556866018807,3.3564029149815404,-2.9531339720356984,4
001318.SZ,阳光乳业,清明,-0.015224085751605797,-1.4692815329022297,-4.342427333854811,3
001318.SZ,阳光乳业,春节,-0.029572154943166656,-3.9433447145654252,3.0497553098740426,3
001318.SZ,阳光乳业,五一,-0.03618587998213853,-4.3174796206155355,1.1592334477817563,3
001318.SZ,阳光乳业,中秋,-0.052910701449401215,-8.585551673770109,1.959093363872666,2
002329.SZ,皇氏集团,端午,0.002558667480238864,0.2152627502661526,-0.47708084378998583,8
002329.SZ,皇氏集团,国庆,-0.009498590594690406,-1.2541593878000423,-0.28571986262027416,10
002329.SZ,皇氏集团,中秋,-0.01256415663934236,-2.428324753092792,-1.9350446297170996,6
002329.SZ,皇氏集团,春节,-0.022658329491800668,-3.2641887900980384,6.447098851130586,10
002329.SZ,皇氏集团,清明,-0.025685082913240807,-3.0648133627360927,1.653805933510634,14
002329.SZ,皇氏集团,五一,-0.029190170301626704,-4.630099957475579,4.454536902088782,7
002570.SZ,贝因美,国庆,0.02003892779254335,2.596639691733535,-1.3712157363579824,10
002570.SZ,贝因美,端午,0.0023100771602770497,0.24655304627247276,0.17020157544230807,8
002570.SZ,贝因美,清明,-0.0003630878725964578,0.010522085824346281,1.8259255748891754,14
002570.SZ,贝因美,中秋,-0.013640876174083228,-1.9963282240484528,2.67312572888436,6
002570.SZ,贝因美,春节,-0.018078064684462946,-2.28112347943121,6.06558048188628,10
002570.SZ,贝因美,五一,-0.047704867008999126,-6.119302540545127,1.662591039692726,7
002719.SZ,麦趣尔,国庆,0.004779968562078099,0.8056904796880888,2.1050322787177027,9
002719.SZ,麦趣尔,端午,0.002242361522858257,0.40741450161091297,3.0043034391007017,8
002719.SZ,麦趣尔,中秋,0.0011427489684306894,0.14002832366144088,5.976496248510479,5
002719.SZ,麦趣尔,清明,-0.012707623606406222,-1.3538501626866626,-1.1491941094341855,14
002719.SZ,麦趣尔,五一,-0.04370460938234303,-6.463753141622797,0.004676867334521947,7
002719.SZ,麦趣尔,春节,-0.08464956358316798,-9.949595665303113,8.24063741905788,10
002732.SZ,燕塘乳业,国庆,0.014241645339776695,1.4401912095844316,-2.3528304242451448,10
002732.SZ,燕塘乳业,端午,0.0004746988883793914,0.06710967653875266,0.293321001179092,8
002732.SZ,燕塘乳业,中秋,-0.013292702209847438,-1.6593747867638877,2.3799367240580183,6
002732.SZ,燕塘乳业,清明,-0.025423942601073696,-1.9263174267846643,2.076686559584597,14
002732.SZ,燕塘乳业,五一,-0.03712510107682342,-4.246299338821091,1.584524584192602,7
002732.SZ,燕塘乳业,春节,-0.05774202377082507,-5.504269288850985,2.1539152823419827,10
002910.SZ,庄园牧场,国庆,-0.0038690288861899695,0.19726514039139476,-2.222294867265761,8
002910.SZ,庄园牧场,中秋,-0.008894595688129827,-0.9876298047925468,0.6192651509079127,5
002910.SZ,庄园牧场,五一,-0.012288446110069547,-1.619761142630636,3.2684741370481514,6
002910.SZ,庄园牧场,清明,-0.013317144560401954,-1.1031893690494257,-2.9070750778939214,10
002910.SZ,庄园牧场,端午,-0.03306197748361876,-4.420551318453372,1.8374296325413257,7
002910.SZ,庄园牧场,春节,-0.08306476617374625,-10.303862015137224,9.265887524340693,8
002946.SZ,新乳业,春节,0.06737757101213256,14.572888260921706,8.923530747954498,7
002946.SZ,新乳业,国庆,0.015300310145235118,3.081278005920605,-0.6219900443633154,7
002946.SZ,新乳业,清明,0.011066846268516183,2.01518853244001,0.09266937115656027,8
002946.SZ,新乳业,端午,-0.019539955405803573,-1.921094687394109,-1.0257861224846936,6
002946.SZ,新乳业,中秋,-0.02142866142258247,-2.6803708563032957,3.447405158659608,4
002946.SZ,新乳业,五一,-0.027618542866463026,-3.195528425948775,7.766917408678825,6
300106.SZ,西部牧业,国庆,0.007413989645733186,1.6708359247233655,0.21672202366205812,10
300106.SZ,西部牧业,中秋,-0.004130227525501893,-0.5144786721115476,0.48384766274009267,6
300106.SZ,西部牧业,清明,-0.012015778620362863,-1.0632971730680452,-1.5554543663662344,14
300106.SZ,西部牧业,端午,-0.027481397682373145,-4.048435793307834,-0.277191668446222,8
300106.SZ,西部牧业,五一,-0.03577678276506208,-5.8031013860326865,3.5746772264804165,7
300106.SZ,西部牧业,春节,-0.06209872269778625,-8.086670023714595,7.2586102551155545,10
300892.SZ,品渥食品,国庆,0.14530842015790418,31.58472298797661,-0.6015240600286228,6
300892.SZ,品渥食品,中秋,-0.006673978847544875,-1.4473828312790424,20.476187666672512,3
300892.SZ,品渥食品,端午,-0.016806643187044827,-4.281003836091224,-1.721710131879542,4
300892.SZ,品渥食品,清明,-0.024398562920671857,-4.925841505266308,1.3073161290532518,6
300892.SZ,品渥食品,五一,-0.032348791504368424,-8.961713687785744,6.37015725275979,4
300892.SZ,品渥食品,春节,-0.05948389102995241,-14.44938654633641,8.92657291380215,5
300898.SZ,熊猫乳品,国庆,0.00241858597518658,4.7848420272870955,55.81673817120065,6
300898.SZ,熊猫乳品,中秋,-0.011695424128927885,-6.016522886824312,6.060367286986746,3
300898.SZ,熊猫乳品,端午,-0.011984424028650027,-5.111576292813333,0.314621555874925,4
300898.SZ,熊猫乳品,五一,-0.013687616050066314,-6.014334056206092,1.4894870299643508,4
300898.SZ,熊猫乳品,清明,-0.014560836163868923,-4.584040964268556,0.6375716700817918,6
300898.SZ,熊猫乳品,春节,-0.026193837742025862,-12.135502739488127,5.723746404104999,5
300915.SZ,海融科技,国庆,0.015075784613491613,3.4400310085136665,0.0754110219666897,5
300915.SZ,海融科技,端午,0.012458101951843237,2.5611387871911497,1.1296022950784357,4
300915.SZ,海融科技,五一,0.004491596014014613,1.5259214074582284,2.0808662817678014,4
300915.SZ,海融科技,清明,-0.004956356674997148,-0.23734384101225534,-3.0722682700094057,6
300915.SZ,海融科技,中秋,-0.02456052205692556,-5.034010479035829,1.2361476355716086,3
300915.SZ,海融科技,春节,-0.05154638894642824,-8.333581383317302,4.7388526232832096,5
600419.SH,天润乳业,国庆,0.03501213555480216,3.719208531952527,-1.560050864117315,10
600419.SH,天润乳业,中秋,0.016818375213426807,2.263787215468979,4.072359756501931,6
600419.SH,天润乳业,清明,-0.0017499342020336915,-0.12221116708063352,1.3802918412776464,14
600419.SH,天润乳业,春节,-0.007198630869834653,-0.7079936165146773,4.182043203268243,10
600419.SH,天润乳业,端午,-0.016834499354695952,-1.549642781487903,-0.2769572106491731,8
600419.SH,天润乳业,五一,-0.04050841118850064,-4.613318386508071,3.9482676645302286,7
600429.SH,三元股份,清明,0.013681253900496397,1.1069332714495068,1.1051023309980688,14
600429.SH,三元股份,国庆,0.006741656356089914,0.7035806250568122,-0.4733910623052749,10
600429.SH,三元股份,端午,-0.007256393741382949,-0.7058397174426121,0.22515199184834922,8
600429.SH,三元股份,中秋,-0.008705945707670365,-0.8376834243739825,0.4460051723504647,6
600429.SH,三元股份,五一,-0.02080729108095157,-2.0304234716378327,0.9111257946548242,7
600429.SH,三元股份,春节,-0.02344713953319317,-2.0136803734269018,3.127376531457755,10
600597.SH,光明乳业,国庆,0.02996131419355802,2.4839643922173096,-2.2654912393691387,10
600597.SH,光明乳业,清明,-0.0018818043200327067,-0.16816604246623817,1.8404022357181387,14
600597.SH,光明乳业,春节,-0.008174208666990207,-0.6465826116027696,1.1717771182926797,10
600597.SH,光明乳业,端午,-0.00987566752527165,-0.9341600758849737,0.08639647110589843,8
600597.SH,光明乳业,中秋,-0.01547379182124631,-1.643484730912222,1.7669535888137613,6
600597.SH,光明乳业,五一,-0.01730455618561788,-1.7943245458417414,0.8982667459581969,7
600882.SH,妙可蓝多,国庆,0.04075657439643374,5.3718971420854,-1.563136745166687,10
600882.SH,妙可蓝多,五一,0.022325463754601132,3.3799113031676993,4.752855266386594,7
600882.SH,妙可蓝多,清明,0.01282274262572292,1.79041858711401,1.5073032890234588,14
600882.SH,妙可蓝多,端午,0.010732698679434322,1.820261588068578,0.04370822426922316,8
600882.SH,妙可蓝多,春节,-0.014587980158194885,-1.1116875830699606,-0.9287211750171075,10
600882.SH,妙可蓝多,中秋,-0.024432596834554794,-3.1508243286699287,0.8236200091970348,6
600887.SH,伊利股份,国庆,0.06951826046796881,6.401405281473277,-0.49569927268160696,9
600887.SH,伊利股份,清明,0.023366450522836507,1.7606718373722547,0.6144550630949066,14
600887.SH,伊利股份,五一,0.016725292087529115,1.8276609709854628,-1.0399072672023446,7
600887.SH,伊利股份,端午,0.008254826772578723,1.067765018072861,0.8986688880243359,8
600887.SH,伊利股份,中秋,0.0018993074777757949,0.6233169610282717,3.2331598486429103,6
600887.SH,伊利股份,春节,-0.0039233314565612866,0.014057764816942653,-0.1492958756739693,10
605179.SH,一鸣食品,国庆,0.00961035871234741,2.446328196828703,-2.307586731044884,5
605179.SH,一鸣食品,清明,-0.014629928141945693,-1.0384704605490789,1.6328382982049288,6
605179.SH,一鸣食品,中秋,-0.022859036026150102,-3.332306017665817,3.263127908430556,3
605179.SH,一鸣食品,端午,-0.03517391952654003,-4.65101968280732,0.9644275893682772,4
605179.SH,一鸣食品,五一,-0.054871247399665334,-7.4225763057319565,2.540869751087418,4
605179.SH,一鸣食品,春节,-0.07503788785461334,-9.76644812648551,7.365864465334232,5
605300.SH,佳禾食品,五一,0.06739971255633877,9.010238134169942,20.3056503035162,4
605300.SH,佳禾食品,国庆,0.022810046401994962,3.472387486550707,-1.4012599882026877,5
605300.SH,佳禾食品,清明,-0.013749610295946898,-1.2330120331974448,0.8626550986808512,5
605300.SH,佳禾食品,端午,-0.020271962058427847,-2.827237023776319,0.6658558869669706,4
605300.SH,佳禾食品,中秋,-0.04071733954487089,-6.381010264375349,2.7968296280938,3
605300.SH,佳禾食品,春节,-0.04744150072326253,-6.598804298084104,9.333038623533177,4
605337.SH,李子园,春节,0.05634467853921423,9.690682413691246,3.019926077415916,5
605337.SH,李子园,国庆,0.02999226392791159,5.144948169550732,-4.110708168714965,5
605337.SH,李子园,五一,-0.010433377149984454,-0.8565797472223995,5.16053814771594,4
605337.SH,李子园,端午,-0.025255699143939717,-3.2737311679991694,2.38501798239297,4
605337.SH,李子园,清明,-0.029126006943953463,-2.9102825551114315,5.068112551365922,6
605337.SH,李子园,中秋,-0.050416329931648574,-7.933005103447699,8.53714970291403,3
605388.SH,均瑶健康,五一,0.05407696763025377,9.311100348899465,8.717447525910854,4
605388.SH,均瑶健康,国庆,0.01670670889144651,2.8182302068282077,-1.0872544027163036,6
605388.SH,均瑶健康,端午,0.002301579971997064,0.4179530873537869,0.9425776203567382,4
605388.SH,均瑶健康,中秋,-0.03105867284802264,-5.308355596312964,3.72291244610431,3
605388.SH,均瑶健康,清明,-0.05194647069553484,-5.902062654074652,1.8774551959758619,6
605388.SH,均瑶健康,春节,-0.053494011467984576,-7.024084680379708,4.69882903252913,5
002124.SZ,天邦食品,国庆,0.00595611206254138,0.7504022788066311,0.9242006139107728,10
002124.SZ,天邦食品,五一,-0.0011939091486892557,-0.270989813852959,-7.648837702154061,7
002124.SZ,天邦食品,清明,-0.0016658747252450007,0.024296986421243925,-2.973233183481393,14
002124.SZ,天邦食品,中秋,-0.009011752066598613,-1.3603922206118408,0.8435733221329343,6
002124.SZ,天邦食品,春节,-0.01192117472221548,-1.4111452621748752,5.620179965643165,10
002124.SZ,天邦食品,端午,-0.031177750103875298,-3.619176780817013,3.1207706533372646,8
000729.SZ,燕京啤酒,国庆,0.03055381827403997,2.913127517814298,-2.8710652934102936,10
000729.SZ,燕京啤酒,清明,0.016975855315107036,1.6167787119605508,0.10512699012133507,14
000729.SZ,燕京啤酒,五一,0.0001361013509604109,0.25490113894898364,2.9382479697550505,7
000729.SZ,燕京啤酒,中秋,-0.001970774215264859,0.07850367128001112,1.5638119835692652,6
000729.SZ,燕京啤酒,端午,-0.002645758232071896,0.09519416026812211,-0.22701358672421335,8
000729.SZ,燕京啤酒,春节,-0.014966082884675004,-1.019816769966532,3.561730317077237,10
000752.SZ,ST西发,中秋,0.013229272041687955,1.8040151040529768,-1.6889534740125003,6
000752.SZ,ST西发,五一,0.00301560751513,0.6336445866913304,-1.2065334213803136,7
000752.SZ,ST西发,清明,-0.010685106122591775,-0.8571798740027319,-2.395597305837391,12
000752.SZ,ST西发,端午,-0.026993077304385108,-2.4540389849688284,2.644206311046055,8
000752.SZ,ST西发,国庆,-0.029063971423613114,-3.132713543100528,-1.720227550618204,10
000752.SZ,ST西发,春节,-0.037953232283014046,-3.8185846559227308,4.944230298605268,10
000929.SZ,*ST兰黄,中秋,0.006058332288020814,1.0293155272008858,2.905992202463006,6
000929.SZ,*ST兰黄,国庆,0.003442461510015154,0.5875710984960734,-3.6978144648708238,10
000929.SZ,*ST兰黄,清明,-0.004784696661693416,0.035240184989588134,-3.3119482414595396,13
000929.SZ,*ST兰黄,五一,-0.006999749924901026,-0.8513684309512298,6.261412289347118,7
000929.SZ,*ST兰黄,端午,-0.030545882750663337,-3.7142695384401128,-1.7608036800202342,8
000929.SZ,*ST兰黄,春节,-0.09985765338828116,-11.087870497613688,6.034356177619937,9
001338.SZ,永顺泰,国庆,0.04155709777451112,6.912380378861037,-4.9949532044129,3
001338.SZ,永顺泰,五一,0.014590519476670002,2.952711717289254,4.176832947893946,3
001338.SZ,永顺泰,清明,0.008742210697766423,1.928019378232008,-7.05092599913537,3
001338.SZ,永顺泰,中秋,-0.01500745915583213,-2.5498273038044417,11.945377192397345,1
001338.SZ,永顺泰,春节,-0.04112446401764223,-4.698195875052458,3.645399368234248,3
001338.SZ,永顺泰,端午,-0.05537739226884482,-7.96103637065973,0.8584218834947699,2
002461.SZ,珠江啤酒,清明,0.024478158456946956,2.220037222777,0.9987679129853594,14
002461.SZ,珠江啤酒,国庆,0.019515001341219144,2.0062959194107943,-1.1324977390205628,10
002461.SZ,珠江啤酒,五一,0.01109967811812793,1.583109512969021,5.0549550072322464,7
002461.SZ,珠江啤酒,端午,-0.006552967379947021,-0.24458445312684474,-2.2514474570558174,8
002461.SZ,珠江啤酒,中秋,-0.015322047723384927,-1.494122979602075,1.702195237156708,6
002461.SZ,珠江啤酒,春节,-0.01966988860707241,-1.622058709885534,2.841985827036597,10
600132.SH,重庆啤酒,五一,0.04178521609748051,5.893239620514192,5.373724448006201,7
600132.SH,重庆啤酒,国庆,0.021260588312330568,3.0859285722930734,-4.663599881353879,10
600132.SH,重庆啤酒,清明,0.01842316642707901,2.2265235734502653,2.927255555350899,14
600132.SH,重庆啤酒,端午,0.016555717196865195,2.5547485335140534,-1.4874125483084932,8
600132.SH,重庆啤酒,春节,0.016182497208489712,2.3813681648974385,2.0643844699555403,10
600132.SH,重庆啤酒,中秋,-0.011184535242321927,-0.8425896208728155,3.9134442981389257,6
600573.SH,惠泉啤酒,国庆,0.013551878663362616,1.4891546071694726,-2.805267831935431,10
600573.SH,惠泉啤酒,清明,-0.00025051349215370023,0.26358909614823,-1.6385473923573888,14
600573.SH,惠泉啤酒,中秋,-0.010466453431805734,-1.2632655734278335,3.0243441056146665,6
600573.SH,惠泉啤酒,端午,-0.010930703150326805,-1.1205362501984006,-2.16689888963957,8
600573.SH,惠泉啤酒,五一,-0.02423577344212105,-2.8089637456651495,5.63798491295712,7
600573.SH,惠泉啤酒,春节,-0.029888812854475793,-3.0219278314019093,3.295434390567523,10
600600.SH,青岛啤酒,国庆,0.033971210004620805,3.862830555332298,-3.0451891406753737,10
600600.SH,青岛啤酒,清明,0.03081070245168018,2.848214247342218,1.0150636884519992,14
600600.SH,青岛啤酒,五一,0.026903854333899743,3.3444899250851163,4.830471645574874,7
600600.SH,青岛啤酒,端午,0.009735950845884514,1.4377696165280258,0.6765333403077123,8
600600.SH,青岛啤酒,春节,0.007958932491521669,1.0719685210392549,-0.9132443000369994,10
600600.SH,青岛啤酒,中秋,-0.028773417089347678,-2.8419972013545642,3.9836523913059527,6
000430.SZ,*ST张股,中秋,-0.0050452978123296174,-0.632421613790829,1.1414608385004315,6
000430.SZ,*ST张股,国庆,-0.015218608199995268,-0.9128404078030037,-7.557202442826229,10
000430.SZ,*ST张股,端午,-0.015255348371471392,-1.5924640380019133,0.9058795334842495,8
000430.SZ,*ST张股,五一,-0.017851939295651875,-2.30349833978023,-0.6681365286470548,7
000430.SZ,*ST张股,清明,-0.018822688934688418,-1.4993253293917057,-1.1195909558570076,14
000430.SZ,*ST张股,春节,-0.03983596160239732,-3.834430089554039,5.083840107763351,10
000558.SZ,天府文旅,中秋,-0.0013947816456606511,-0.35872227529502215,-0.5283791177014514,6
000558.SZ,天府文旅,端午,-0.011728665725988666,-1.734742606988879,-4.121913826662524,8
000558.SZ,天府文旅,国庆,-0.016406855887671185,-1.835264465656771,2.6497338911307673,10
000558.SZ,天府文旅,清明,-0.017808784765907623,-2.1354906350005156,0.5740947071757497,13
000558.SZ,天府文旅,春节,-0.024779268499306915,-3.252586919539955,5.3585883647964065,9
000558.SZ,天府文旅,五一,-0.031345999684178075,-4.489893847656685,6.639191943369324,7
000888.SZ,峨眉山Ａ,清明,0.0033898611221294885,0.4065250451264583,1.605416427327975,14
000888.SZ,峨眉山Ａ,春节,-0.0033706315898504274,-0.26545934777823943,2.676770327839282,10
000888.SZ,峨眉山Ａ,中秋,-0.00399855043161403,-0.32165533912534655,-1.2993774380120342,6
000888.SZ,峨眉山Ａ,端午,-0.011041881370737843,-0.9030413335195651,0.843183079425322,8
000888.SZ,峨眉山Ａ,国庆,-0.03317740255269023,-2.599322105783723,-4.212339500616783,10
000888.SZ,峨眉山Ａ,五一,-0.06282896773147542,-6.453743109922038,-1.5540871894568313,7
000978.SZ,桂林旅游,中秋,0.0032857948305908564,0.23903917452024456,1.250023637011218,6
000978.SZ,桂林旅游,春节,-0.005144467176631685,-0.7174775442180968,2.0185155154474757,10
000978.SZ,桂林旅游,端午,-0.014526703132860905,-1.5002894615237212,0.3489303450591619,8
000978.SZ,桂林旅游,清明,-0.03011391481001679,-2.2999800261117778,-1.4025863993900682,14
000978.SZ,桂林旅游,五一,-0.03392851879136878,-4.036951338097318,-1.5276040708787362,7
000978.SZ,桂林旅游,国庆,-0.04601700543227221,-4.014503856527524,-5.728017839425381,10
002033.SZ,丽江股份,春节,0.01687379678661864,1.5045752036041453,1.1012561672328447,9
002033.SZ,丽江股份,清明,-0.01236718380586068,-0.7852458550872973,-1.8098406877733397,14
002033.SZ,丽江股份,端午,-0.012682180091646072,-1.0716665370668663,-0.18092151802498746,8
002033.SZ,丽江股份,中秋,-0.021991087735276048,-2.3609251048217375,1.6061544576148574,6
002033.SZ,丽江股份,国庆,-0.04127106875945201,-3.255564656656163,-5.052814169318639,10
002033.SZ,丽江股份,五一,-0.05026222421934357,-5.0138129590974385,-2.039685079771003,7
002059.SZ,云南旅游,中秋,0.007266695929033815,1.1964830325974574,0.49184783853604175,5
002059.SZ,云南旅游,端午,0.0017177009367708525,0.13229456751007948,3.2000085056079093,7
002059.SZ,云南旅游,春节,-0.016409873578878575,-1.858752963168947,3.848374162077603,10
002059.SZ,云南旅游,清明,-0.026200624309603866,-2.486010828321248,3.588265878896753,12
002059.SZ,云南旅游,五一,-0.03095045448669182,-4.1070129690851935,-4.459122084373404,7
002059.SZ,云南旅游,国庆,-0.032663028230612866,-3.2931249872597976,-6.993945772615598,9
002627.SZ,三峡旅游,国庆,0.009088377413010681,1.202337923842593,-3.9226983819765047,10
002627.SZ,三峡旅游,端午,0.008631711986992014,1.065447061102981,1.2591738973294393,8
002627.SZ,三峡旅游,中秋,-0.007878701725456504,-0.7382030333415482,4.646634414861283,6
002627.SZ,三峡旅游,春节,-0.008638507376686682,-0.6667301116965972,1.8914552888609293,10
002627.SZ,三峡旅游,清明,-0.013405142360626522,-0.7838311119152761,-1.5842367537773459,14
002627.SZ,三峡旅游,五一,-0.025270020270883133,-2.7638295919527565,-0.9259607712324289,7
300144.SZ,宋城演艺,春节,0.03168107433630257,3.1897520901221057,3.104834539071105,10
300144.SZ,宋城演艺,国庆,0.028282491261037383,3.3749781531652316,-4.518900892308736,10
300144.SZ,宋城演艺,五一,0.015284886210293237,1.8709896722583417,-3.194255826665404,7
300144.SZ,宋城演艺,端午,-0.003913180020255486,-0.4095080619885102,-2.0283838315889757,8
300144.SZ,宋城演艺,清明,-0.004412730680399438,-0.28676525289891375,-2.0585970246973493,14
300144.SZ,宋城演艺,中秋,-0.017150584481588453,-2.1292798821485026,2.2621734214987255,6
600054.SH,黄山旅游,春节,-0.000320083997396995,-0.02274350318851237,2.8063724181205827,10
600054.SH,黄山旅游,清明,-0.0017495872716244702,-0.0661409083393858,-0.6784489804084305,14
600054.SH,黄山旅游,中秋,-0.0033567155482070537,-0.2803213603042216,-0.815280672438436,6
600054.SH,黄山旅游,端午,-0.01160827653370999,-0.8927143619122089,0.21571697137508783,8
600054.SH,黄山旅游,国庆,-0.026667549915743348,-1.8135303911856817,-4.852220125274844,10
600054.SH,黄山旅游,五一,-0.044285867648782146,-4.018610371393324,-4.188581101504265,7
600138.SH,中青旅,中秋,0.0011038659284711822,0.09718059884617136,-0.14864435528589315,6
600138.SH,中青旅,春节,0.0006462204551317015,-0.1480494479452143,1.371880621428071,10
600138.SH,中青旅,端午,-0.011303294718777585,-1.09163661210928,0.30935628156015804,8
600138.SH,中青旅,国庆,-0.01279987012683061,-0.9475587373236409,-4.83144639931156,10
600138.SH,中青旅,清明,-0.016605241289144194,-1.2166150444532289,-1.3449111226124213,14
600138.SH,中青旅,五一,-0.049475083332346445,-4.838647188674914,-2.4606012568808993,7
600576.SH,祥源文旅,清明,-0.002825523157123997,-0.48367479924002943,0.7093426983715244,13
600576.SH,祥源文旅,国庆,-0.015197502893715457,-1.809792281858688,-3.5992282478443167,10
600576.SH,祥源文旅,中秋,-0.01584478764604269,-2.266211784595081,0.7280286511750186,6
600576.SH,祥源文旅,五一,-0.02309544323086966,-3.319647891462344,-0.4028400534480112,7
600576.SH,祥源文旅,端午,-0.023291129684344353,-3.306401879191252,-1.4365485599412897,7
600576.SH,祥源文旅,春节,-0.06968988285386864,-7.771191836079815,5.720662973121172,10
600593.SH,大连圣亚,清明,0.004109613899511304,0.7101561611739002,-0.5504962708367861,14
600593.SH,大连圣亚,中秋,-0.0018118018721491127,0.07277563815263144,2.642007292892717,6
600593.SH,大连圣亚,国庆,-0.015557104586804024,-1.4187050683014832,-0.2709234813454852,10
600593.SH,大连圣亚,五一,-0.030089008131554264,-4.232669362779172,-3.10173921380963,7
600593.SH,大连圣亚,端午,-0.03468150932631802,-4.341223739353862,1.870037951371563,8
600593.SH,大连圣亚,春节,-0.041326516115144395,-4.633340174900161,5.307511109108849,10
600706.SH,曲江文旅,中秋,-0.0033406180525835604,-0.5070612467148977,0.033738188447323715,6
600706.SH,曲江文旅,春节,-0.014494319760519722,-1.8929182115062517,6.6031853631762285,10
600706.SH,曲江文旅,端午,-0.015497318512024095,-1.8739741145528983,0.781872747827085,8
600706.SH,曲江文旅,清明,-0.01645338104541098,-1.284655702803105,-0.5004363663858175,14
600706.SH,曲江文旅,国庆,-0.04151664564646976,-4.393813255142564,-6.031634061649922,10
600706.SH,曲江文旅,五一,-0.062535865191338,-8.70440710162472,3.9030552507151737,7
600749.SH,西藏旅游,中秋,0.01272465876744292,1.7521003211113626,0.6679923762484866,6
600749.SH,西藏旅游,清明,-0.005265549051851196,-0.16098809316257978,-5.385279907853172,12
600749.SH,西藏旅游,五一,-0.007587262802039301,-0.9448193140284016,-1.2272440378299347,7
600749.SH,西藏旅游,春节,-0.01778165773053712,-2.0830667998958816,4.946456075601251,9
600749.SH,西藏旅游,端午,-0.03418913853375563,-4.240886860153961,3.0050600868569526,7
600749.SH,西藏旅游,国庆,-0.052972234385009476,-5.221307626461187,-4.390124122083181,10
603099.SH,长白山,中秋,0.008033785345324422,1.500761507819916,0.26772132190187065,6
603099.SH,长白山,端午,-0.021882919617977024,-2.3303958460284786,4.102419214113823,8
603099.SH,长白山,清明,-0.026661749456413985,-2.312793423839217,-2.2374991757831046,14
603099.SH,长白山,春节,-0.03498027354112527,-3.7120837794262442,2.941177580801181,10
603099.SH,长白山,五一,-0.04158006561897036,-5.498355145027008,0.4615597028770347,7
603099.SH,长白山,国庆,-0.045102022594369615,-4.605874266496734,-0.46531720321994746,10
603136.SH,天目湖,国庆,0.054269211744305115,8.007957394878225,0.23415962513081467,9
603136.SH,天目湖,清明,-0.01539684846129219,-1.1764001976154561,-0.6918806632010255,10
603136.SH,天目湖,中秋,-0.01950393783407103,-2.6765634906617297,1.4765049030557198,5
603136.SH,天目湖,端午,-0.02932392202435245,-3.2893098628490653,0.6231383938495872,7
603136.SH,天目湖,春节,-0.03593452343109487,-4.028027710539067,5.4093978590496885,8
603136.SH,天目湖,五一,-0.03688544453830115,-4.755933691925715,-3.3502662788171786,6
603199.SH,九华旅游,清明,0.010558108083845072,1.0774151052269174,-1.4603476747111777,14
603199.SH,九华旅游,春节,0.0054664095935930595,0.4953011659426254,2.2769764959190306,10
603199.SH,九华旅游,中秋,-0.001324226901350539,0.006691995575397532,-1.0125868409301242,6
603199.SH,九华旅游,端午,-0.01237507909965859,-1.040415307065233,-0.30375997767940344,8
603199.SH,九华旅游,国庆,-0.0348410586418666,-2.958014159488348,-4.3376286395074475,10
603199.SH,九华旅游,五一,-0.03729049793131957,-4.089528597797437,-1.0259920559907016,7
000524.SZ,岭南控股,中秋,0.03026870219104778,5.240381167026148,-0.708290702869054,6
000524.SZ,岭南控股,清明,0.0017577602902448407,0.5865071019832098,2.75742084256057,13
000524.SZ,岭南控股,端午,-0.010655281894528208,-1.3292671328352148,-0.5646846207972432,7
000524.SZ,岭南控股,春节,-0.013392465142521012,-1.5582491322800904,6.655455784004454,10
000524.SZ,岭南控股,国庆,-0.02356948014106108,-2.506837827291626,-5.0200213933904925,10
000524.SZ,岭南控股,五一,-0.035584949793821194,-4.906841023027575,-0.2502072034514689,7
000610.SZ,西安旅游,中秋,0.020564582836361978,3.6448743673319424,-0.8147487538615348,6
000610.SZ,西安旅游,端午,-0.03083772209653823,-4.15725317171458,2.3196354742351994,7
000610.SZ,西安旅游,五一,-0.03398292490744025,-4.606200641031434,-3.853535006175894,7
000610.SZ,西安旅游,国庆,-0.0353418941924577,-3.8571306584184306,-7.101031155682961,10
000610.SZ,西安旅游,清明,-0.03637209427296844,-3.652249430633483,-0.9490210630750227,13
000610.SZ,西安旅游,春节,-0.04544535892870235,-5.560545433182405,3.972702952440527,10
000796.SZ,凯撒旅业,中秋,0.008622972389037765,1.3786943068122042,-3.417926460480541,6
000796.SZ,凯撒旅业,清明,-0.012904227960265023,-1.5781953799616355,-6.516052225198232,11
000796.SZ,凯撒旅业,五一,-0.013580628447675281,-2.0928329538909383,-2.6065207800873873,7
000796.SZ,凯撒旅业,国庆,-0.025301019729769846,-3.355053307017992,-5.015973182357813,10
000796.SZ,凯撒旅业,端午,-0.02700892226156021,-4.074222066394771,15.827466457226974,7
000796.SZ,凯撒旅业,春节,-0.03141413567123716,-4.517632946953452,7.723919610887735,8
002159.SZ,三特索道,春节,-0.016680108468941246,-1.7176167647178828,3.7190240091382036,10
002159.SZ,三特索道,端午,-0.019189688043470883,-2.0576632697164117,2.720395295976719,8
002159.SZ,三特索道,国庆,-0.020596577283321874,-1.6892294454009122,-4.498623942679802,10
002159.SZ,三特索道,中秋,-0.02429440900135096,-3.1159207380255034,2.0767536696692197,6
002159.SZ,三特索道,清明,-0.027875596695541304,-2.104841174613819,1.3054662237797012,14
002159.SZ,三特索道,五一,-0.03563418806769489,-4.28305271016986,-1.7053565880133166,7
002707.SZ,众信旅游,中秋,0.0022739575279636915,0.3901142048951535,-1.996735966021128,6
002707.SZ,众信旅游,春节,0.0012838439268482648,-0.006063420638687391,3.2763074801199226,9
002707.SZ,众信旅游,端午,-0.006910887176569996,-1.0464272487190964,1.4683296820361142,8
002707.SZ,众信旅游,国庆,-0.014565582572014273,-1.729393833610084,-7.2355840430623655,10
002707.SZ,众信旅游,清明,-0.03135129756522122,-3.199260273758328,-1.9128048515413563,14
002707.SZ,众信旅游,五一,-0.03137820729901203,-4.444680379031937,-1.4423582883559125,7
300859.SZ,西域旅游,端午,0.002240403129618461,1.675549498345763,1.1980830328710974,4
300859.SZ,西域旅游,春节,-0.022195956977658367,-2.7579380146010957,6.707317290226291,5
300859.SZ,西域旅游,中秋,-0.022788423468373946,-3.8234019573197244,7.063708013386486,3
300859.SZ,西域旅游,国庆,-0.042851800966062066,-4.42597172301105,-6.9390744532413855,6
300859.SZ,西域旅游,清明,-0.04948509668098164,-5.971740640868462,-1.9354061189172285,6
300859.SZ,西域旅游,五一,-0.07316874947697567,-12.435364706867414,2.094173272642991,4
600185.SH,珠免集团,国庆,0.021284059129751978,3.3559801663796414,-0.9173273874220799,10
600185.SH,珠免集团,清明,0.005428241320085647,0.929337686314709,2.4485015072832446,14
600185.SH,珠免集团,中秋,0.004990567212248526,1.0350576837083645,0.07616051808879891,6
600185.SH,珠免集团,端午,-0.007168631716353431,-0.7819563889993151,6.1487470924187155,8
600185.SH,珠免集团,五一,-0.013609317261564615,-1.5426048801841954,2.1116631216407042,7
600185.SH,珠免集团,春节,-0.03451250368636477,-3.837130150365462,4.169018582818592,10
601888.SH,中国中免,国庆,0.0382057709235948,5.176587373507894,-4.254794125133782,10
601888.SH,中国中免,春节,0.02141292138833925,3.0857899736436187,-0.8897328117594672,10
601888.SH,中国中免,五一,0.013316335888556546,2.363810510745364,-0.24016862595958985,7
601888.SH,中国中免,端午,0.006170997217510787,1.3107649750233916,5.325798923622861,8
601888.SH,中国中免,清明,0.0027551426191897268,0.8364567284263893,-0.9326948978637323,14
601888.SH,中国中免,中秋,0.002392600419305484,0.9668368156814657,1.504606604482776,6
000568.SZ,泸州老窖,国庆,0.06389717174773964,8.119416122291414,-2.380084233911114,10
000568.SZ,泸州老窖,清明,0.036002554824211185,3.9318277383127977,-0.5789909716502736,13
000568.SZ,泸州老窖,五一,0.020043802425500197,3.2426088520668945,0.43434782577474546,7
000568.SZ,泸州老窖,春节,0.010034542074290427,1.864450423845043,0.801634229847733,10
000568.SZ,泸州老窖,端午,-0.014654109940156188,-0.9419186019394759,1.4123210546791398,8
000568.SZ,泸州老窖,中秋,-0.022933154004145362,-2.171311623823156,5.697564698353479,6
000596.SZ,古井贡酒,国庆,0.05188993010273532,6.733676918420011,-4.451449763439853,10
000596.SZ,古井贡酒,清明,0.024370721706081868,2.8922464801265546,2.516973622893345,14
000596.SZ,古井贡酒,端午,0.007868219951687678,1.5012963659626095,2.1950939509633867,8
000596.SZ,古井贡酒,春节,0.0064204212509142156,1.266299042683837,1.6491015886898979,10
000596.SZ,古井贡酒,五一,-0.010044216563065233,-0.6183181425594678,0.2233443857852877,7
000596.SZ,古井贡酒,中秋,-0.029574137178471543,-3.335142067412022,4.967257234852566,6
000799.SZ,酒鬼酒,端午,0.034913835111540656,5.672529316321237,6.63878923081028,8
000799.SZ,酒鬼酒,清明,0.013253163545377693,2.1131858667291534,-1.1591730487045118,14
000799.SZ,酒鬼酒,国庆,0.011932490919397649,2.3761971279203813,-2.637284006204967,10
000799.SZ,酒鬼酒,中秋,0.0058463736633573675,1.5750488097454218,6.736410365087342,6
000799.SZ,酒鬼酒,五一,-0.012376603027613162,-1.1475924419918329,5.364186319500389,7
000799.SZ,酒鬼酒,春节,-0.02869785809704717,-2.867508429117287,0.20202950766921246,10
000858.SZ,五粮液,国庆,0.05080578652955714,5.901135403221559,-2.448236992745354,10
000858.SZ,五粮液,清明,0.02869961991925706,2.8427899856763683,0.8111556034532134,14
000858.SZ,五粮液,春节,0.023862959625404894,2.932656111261508,0.20385365113890996,10
000858.SZ,五粮液,五一,0.017221576813649365,2.526955761418513,2.9966338785203432,7
000858.SZ,五粮液,端午,0.010781988274506897,1.742303314586743,1.9705842098614295,8
000858.SZ,五粮液,中秋,-0.028336794856375924,-2.6272403681698733,4.905870680346996,6
000860.SZ,顺鑫农业,国庆,0.01724033755166692,2.499478426062871,-2.966252058078264,10
000860.SZ,顺鑫农业,清明,0.008592705590150873,1.0064150246528893,2.0878898948641766,14
000860.SZ,顺鑫农业,端午,-0.0015760876946930805,0.18716245328379832,1.3650885291482813,8
000860.SZ,顺鑫农业,中秋,-0.004221487760042254,-0.3057614309271446,2.6672815940414893,6
000860.SZ,顺鑫农业,五一,-0.016294405125540774,-1.7530717854474287,0.7052851608699601,7
000860.SZ,顺鑫农业,春节,-0.02899915889481387,-2.880925510457431,2.3361178222537027,10
000995.SZ,皇台酒业,国庆,0.010713402400300992,5.497232339615267,-7.253562450929507,7
000995.SZ,皇台酒业,中秋,0.0010291129109754075,1.331429075939492,3.606311157391218,5
000995.SZ,皇台酒业,端午,-0.00669530162105482,-1.528362890477456,0.06862938448277123,6
000995.SZ,皇台酒业,清明,-0.010384040625762151,-1.3387570206885626,3.7053391161272,13
000995.SZ,皇台酒业,五一,-0.019691175870039993,-5.647479780808669,3.255680575309752,6
000995.SZ,皇台酒业,春节,-0.03266230526204116,-8.770434949864185,7.996312764043011,8
002304.SZ,洋河股份,国庆,0.04001755173345886,4.3362755479574435,-0.8231862661781953,10
002304.SZ,洋河股份,清明,0.03310772528403509,2.7089996455087713,-0.7180494410417096,14
002304.SZ,洋河股份,春节,0.020028842515734977,2.069147858738125,0.6591195862966938,10
002304.SZ,洋河股份,五一,0.01945589274425392,2.4940388691450392,-0.6058135671009675,7
002304.SZ,洋河股份,端午,0.0032688183775098387,0.433640348363766,1.9527229994383883,8
002304.SZ,洋河股份,中秋,-0.0027218437638612623,0.1534346574040725,0.760917418641592,6
002646.SZ,天佑德酒,国庆,0.01957347212896223,2.271031590244726,-3.4977235302372827,10
002646.SZ,天佑德酒,五一,0.004452471075181155,0.6279927514629389,3.339509661000979,7
002646.SZ,天佑德酒,清明,-0.00318078586167175,-0.41493180863728824,-0.7514615950993467,14
002646.SZ,天佑德酒,中秋,-0.006898812692483938,-0.9831411317381411,1.8580155094971997,6
002646.SZ,天佑德酒,端午,-0.009960978722499129,-1.2361443582675933,-0.9075760629196767,8
002646.SZ,天佑德酒,春节,-0.04548021253986717,-4.724063777853221,3.23637857497201,10
600197.SH,伊力特,端午,0.024070282748827627,3.101204012760493,1.6963077684578387,8
600197.SH,伊力特,国庆,0.007912012656043715,1.4168194224007755,-5.027520679948024,10
600197.SH,伊力特,清明,-0.0019520375545001992,0.16666120182692143,0.7766220025056959,14
600197.SH,伊力特,中秋,-0.004911522773598331,-0.4717915545518628,1.3144541708073056,6
600197.SH,伊力特,春节,-0.0210982610301816,-2.130404323210368,3.4937188520643283,10
600197.SH,伊力特,五一,-0.02170450057182317,-2.537661100032001,2.3036975502402868,7
600199.SH,金种子酒,国庆,0.013850730902830132,2.2841566807968743,-2.742331359718585,10
600199.SH,金种子酒,中秋,0.01225471137615771,2.2237492650282307,3.477419273705081,6
600199.SH,金种子酒,端午,-0.01807815906937475,-2.0492557563150546,4.854504021635365,8
600199.SH,金种子酒,清明,-0.024874127397194818,-2.2562892045461544,0.5734919472383052,14
600199.SH,金种子酒,五一,-0.025745580251077517,-3.3990851453377866,1.4672629406715656,7
600199.SH,金种子酒,春节,-0.0652820836708499,-7.192241578525571,5.468254453279327,10
600519.SH,贵州茅台,国庆,0.06613970605844569,6.096690547829477,-2.1087111924639492,10
600519.SH,贵州茅台,清明,0.03275241216708227,2.7500760146232177,0.5276462862501337,14
600519.SH,贵州茅台,春节,0.025170449475759936,2.7566758617072167,-0.24223880059678154,10
600519.SH,贵州茅台,五一,0.007207929315727258,1.3860229891631763,0.21064874071772563,7
600519.SH,贵州茅台,端午,0.005612887607715926,1.174088228053191,1.1723156959004957,8
600519.SH,贵州茅台,中秋,-0.0136077241015916,-0.5169742518800833,4.4576029908324974,6
600559.SH,老白干酒,国庆,0.020640498441115117,2.9738871623817675,-3.952315860733233,9
600559.SH,老白干酒,端午,0.020179630766076498,2.764235138113691,3.8461743038902068,8
600559.SH,老白干酒,清明,0.0039160058409620745,0.5963417091326159,-1.0208427969471765,12
600559.SH,老白干酒,春节,-0.010564041583383097,-0.9870992563812442,-0.22837187352832602,10
600559.SH,老白干酒,五一,-0.012272136770042963,-1.1488258147913488,0.6321348461006143,6
600559.SH,老白干酒,中秋,-0.01940738109513323,-2.3310801411710345,2.7735504575116128,6
600696.SH,*ST岩石,国庆,0.021887210573539567,3.6783939070533065,-1.307585423605926,10
600696.SH,*ST岩石,端午,-0.004106398662774623,-0.7152316080898403,4.951823583711793,8
600696.SH,*ST岩石,清明,-0.006809094899469213,-0.9216922554455291,-2.5498200347436404,13
600696.SH,*ST岩石,中秋,-0.02319560798890227,-3.569919778809816,6.840452803984017,6
600696.SH,*ST岩石,五一,-0.03414465770736002,-5.123560194934884,-1.3520672818995538,7
600696.SH,*ST岩石,春节,-0.06433105150786586,-8.209390300767653,10.141211668136787,10
600702.SH,舍得酒业,国庆,0.028382585548960004,4.6144248303904964,-0.2941158489770202,10
600702.SH,舍得酒业,端午,0.014942762737525643,2.63256376092438,0.14587018006609742,8
600702.SH,舍得酒业,五一,0.007287449440258908,1.590385584150852,2.490587475967614,7
600702.SH,舍得酒业,清明,0.0018887138847849233,0.7984685097168382,0.026519712421674373,14
600702.SH,舍得酒业,中秋,-0.018725978112509978,-2.4864778966589376,3.0961434404908323,6
600702.SH,舍得酒业,春节,-0.030065514501109915,-3.1375702476679326,3.760775324673827,10
600779.SH,水井坊,国庆,0.028951121459130463,4.402391551683866,-3.1745227929616826,10
600779.SH,水井坊,端午,0.012950817201433321,2.315208055608148,3.3274928441057394,8
600779.SH,水井坊,五一,0.0034631749729444952,1.031016134048544,1.0286473384033183,7
600779.SH,水井坊,春节,0.0034328930093018954,0.9902234402529674,0.20751597060964616,10
600779.SH,水井坊,清明,-0.010501269794078484,-0.2855114411292009,2.229563418550973,14
600779.SH,水井坊,中秋,-0.023090640999185383,-2.8514556558161472,3.571685981999817,6
600809.SH,山西汾酒,国庆,0.029704723782927656,4.717338759080149,-2.666000568904706,10
600809.SH,山西汾酒,清明,0.02252384038999239,3.046382946122073,0.5442691531795629,14
600809.SH,山西汾酒,春节,0.016363521746811396,2.727508028705754,0.592240773083931,10
600809.SH,山西汾酒,五一,0.009194076346567229,2.154382555858672,2.7478264482142523,7
600809.SH,山西汾酒,端午,0.002427887105772089,1.1964540779337285,0.9433792444330127,8
600809.SH,山西汾酒,中秋,-0.012548423090999674,-0.628376768172506,2.1043501944572527,6
603198.SH,迎驾贡酒,国庆,0.02560769321698372,3.7299345503190837,-2.966672930287561,10
603198.SH,迎驾贡酒,清明,0.01723217089090578,2.01384345223877,0.33267614509376603,14
603198.SH,迎驾贡酒,春节,0.0006025164845888679,0.3949508885363295,0.7636102313855421,10
603198.SH,迎驾贡酒,端午,0.00027184146425406145,0.36965356276998795,0.626575342053914,8
603198.SH,迎驾贡酒,中秋,-0.01859119297906876,-2.261505715021283,10.399665210541615,6
603198.SH,迎驾贡酒,五一,-0.02983139927366217,-3.359457232000423,0.6093584036102812,7
603369.SH,今世缘,国庆,0.035870651622289355,4.71903390928298,-2.261132042446662,10
603369.SH,今世缘,清明,0.03535740928083457,3.6862768888965816,0.7137623743600711,14
603369.SH,今世缘,春节,0.023811897237933078,3.088058422025064,1.0549293030980822,10
603369.SH,今世缘,端午,0.0018374584813157238,0.7427915479338547,0.7445473040670447,8
603369.SH,今世缘,五一,-0.006571752498286386,-0.28869238193107394,1.6998031654372778,7
603369.SH,今世缘,中秋,-0.02200240072598928,-2.2491404960225445,6.149764566520967,6
603589.SH,口子窖,五一,0.021861941292557474,2.7765865266092717,-0.29162708585004193,7
603589.SH,口子窖,国庆,0.011764174984725978,1.681286102066002,-1.898615018078246,10
603589.SH,口子窖,清明,0.009127556817614641,0.8765637990502616,0.9661375023782799,14
603589.SH,口子窖,端午,0.004462496746335106,0.6406524847892698,3.2695104579539476,8
603589.SH,口子窖,春节,-0.0003299115978705228,0.14102413205587147,0.7572188363667819,10
603589.SH,口子窖,中秋,-0.018457125981838837,-2.1198899352667873,0.025016688974634604,6
603919.SH,XD金徽酒,国庆,0.014956131636497946,2.6654833047154636,-0.6708156771286855,10
603919.SH,XD金徽酒,端午,0.008704820820589406,1.9967081084008036,-0.06780826703114735,8
603919.SH,XD金徽酒,清明,0.0036901911553675177,0.929902008165392,0.4694867752253998,14
603919.SH,XD金徽酒,五一,-0.012113019247228891,-1.081906189645364,2.7824750524256516,7
603919.SH,XD金徽酒,中秋,-0.017166625241212492,-1.9268580068103354,1.9928986973499823,6
603919.SH,XD金徽酒,春节,-0.04009713219262003,-4.222100232124166,-0.3281552644967089,9
000869.SZ,张裕Ａ,国庆,0.025480761086294743,2.116552562546397,-2.995443616018757,10
000869.SZ,张裕Ａ,清明,0.01780070219284742,1.075870797534827,1.406142831945506,14
000869.SZ,张裕Ａ,五一,-0.002946931014843593,-0.35200924609709244,2.918622782635698,7
000869.SZ,张裕Ａ,端午,-0.004084754636287117,-0.3846822133598309,1.0884132221518918,8
000869.SZ,张裕Ａ,中秋,-0.007137126726695792,-0.8150066408360949,2.76949363161493,6
000869.SZ,张裕Ａ,春节,-0.017289799634258248,-1.4646954569600774,0.6328033594737171,10
002568.SZ,百润股份,国庆,0.06743885585214916,8.882372051672323,-2.5566083653407583,10
002568.SZ,百润股份,五一,0.041435446168003924,6.2714377239268675,1.440769136273261,7
002568.SZ,百润股份,春节,0.0008816187226909194,0.40961684245530244,1.6416479951426992,10
002568.SZ,百润股份,清明,-0.00022924145789733304,0.46656532359829544,-0.141141013018717,14
002568.SZ,百润股份,端午,-0.0032113763895648315,-0.0990107994409184,2.2894425964404888,8
002568.SZ,百润股份,中秋,-0.013194237129749573,-1.819812954608411,11.688835036118183,6
600059.SH,古越龙山,中秋,0.003500413718321272,0.5324729116974051,0.6933140593409991,6
600059.SH,古越龙山,清明,-0.0038040576808534327,-0.12233274475167429,0.53119094206153,14
600059.SH,古越龙山,国庆,-0.0063112446430851656,-0.24459332790523355,-1.741059588635483,10
600059.SH,古越龙山,端午,-0.009147094906128533,-0.8138536169115557,0.2807565827566778,8
600059.SH,古越龙山,五一,-0.02249212538960561,-2.3748288883075697,4.354371730424868,7
600059.SH,古越龙山,春节,-0.024897752760618442,-2.0966458012047307,2.1008763939306996,10
600084.SH,中信尼雅,中秋,0.007220211975824799,1.1185239427852267,-2.151995909837908,6
600084.SH,中信尼雅,清明,0.000634957577301686,0.3316482863232586,-1.2260841801179823,12
600084.SH,中信尼雅,国庆,-0.0022358340624554786,0.11863516592226118,0.525342827874664,9
600084.SH,中信尼雅,五一,-0.029859986806446966,-3.198032303731994,3.764513699224593,7
600084.SH,中信尼雅,端午,-0.03810484640285287,-3.818200390419307,-2.823313543059247,8
600084.SH,中信尼雅,春节,-0.03927737756876062,-3.781588962419624,6.9945656639293725,9
600238.SH,*ST椰岛,端午,0.01953948215000334,4.071928109064011,-0.6763104987372607,8
600238.SH,*ST椰岛,国庆,0.009728628274518833,1.4483399043423115,-4.674059639340966,10
600238.SH,*ST椰岛,五一,-0.004318111362184894,0.2344406879216963,2.7083477689683284,7
600238.SH,*ST椰岛,中秋,-0.009281137473589227,-1.4636704862973453,-0.6387392148457941,6
600238.SH,*ST椰岛,清明,-0.02697897684910013,-2.448418732652237,1.64395112175391,14
600238.SH,*ST椰岛,春节,-0.06780123588432396,-8.115756433476298,4.760393834480663,10
600543.SH,莫高股份,中秋,0.020433129986719166,3.051845003166546,-1.0332186460400978,6
600543.SH,莫高股份,五一,-0.004085024563657524,-0.40335386099237575,2.324005481769155,7
600543.SH,莫高股份,清明,-0.01240853156966314,-1.2976776026727939,-0.00146907432111051,14
600543.SH,莫高股份,国庆,-0.018538915156964784,-2.27528286484792,-1.8831211762143252,10
600543.SH,莫高股份,端午,-0.04315064683700108,-5.319030056523777,0.07639911310724501,8
600543.SH,莫高股份,春节,-0.053248573579026556,-5.9913721934005535,5.233509439226449,10
600616.SH,金枫酒业,清明,0.00021623788158864926,0.07307108155139806,-0.8874058041591008,14
600616.SH,金枫酒业,中秋,-0.00252840030666726,-0.2801106125663311,0.17563213441177203,6
600616.SH,金枫酒业,国庆,-0.009964390870268678,-0.8327273693076485,-2.618214279334181,10
600616.SH,金枫酒业,端午,-0.019259258149696798,-2.3705763550321,1.4330287350583046,8
600616.SH,金枫酒业,五一,-0.02788966150230086,-3.560054066670419,2.540660195695199,7
600616.SH,金枫酒业,春节,-0.05500360005000893,-5.770611317334795,4.18142535895456,10
601579.SH,会稽山,五一,0.030803114358666568,4.551810948396268,2.704910000784614,7
601579.SH,会稽山,清明,0.02620086399932906,2.6372888992260832,3.8141844440709427,14
601579.SH,会稽山,中秋,0.01009548985951507,1.7955038206904472,0.04235849140024802,6
601579.SH,会稽山,国庆,-0.0017296764368172326,0.3495608421940807,-0.4975153243968757,10
601579.SH,会稽山,春节,-0.03380216501567314,-3.222661959271554,2.4693257841637375,10
601579.SH,会稽山,端午,-0.045090011814960654,-4.823028367166815,2.7402458362133286,8
603779.SH,威龙股份,端午,0.06844234132079172,12.881416109884599,4.8172988435878406,8
603779.SH,威龙股份,五一,0.0022037653052121168,0.8208614019647962,0.245954918903887,7
603779.SH,威龙股份,中秋,-0.007813986082577945,-0.6996892836108511,-1.106516661155703,6
603779.SH,威龙股份,国庆,-0.01572873832229329,-1.3011269794342675,0.20610403172224073,10
603779.SH,威龙股份,清明,-0.024579515309715343,-2.233063363518057,0.13430093849802413,12
603779.SH,威龙股份,春节,-0.029550259882978415,-3.417092324326546,4.425879646037586,9
000848.SZ,承德露露,国庆,0.018321054930036183,1.8827859869452077,-1.2333110050216098,10
000848.SZ,承德露露,清明,-0.001092905100968373,0.08805308174183228,4.192017830405255,14
000848.SZ,承德露露,五一,-0.010437987851602762,-1.126191674567954,3.1309445197893915,7
000848.SZ,承德露露,端午,-0.020484864503393846,-1.8337160925581768,4.280226538027989,8
000848.SZ,承德露露,春节,-0.023750696150446046,-1.8818784001003475,0.9556021837080365,10
000848.SZ,承德露露,中秋,-0.0269606706382238,-2.7642478124200713,2.164487736409002,6
300997.SZ,欢乐家,国庆,0.00035500152217825406,4.2271851321011535,-4.6661155143670525,5
300997.SZ,欢乐家,五一,0.0001423055462457597,2.8847464437067245,0.780831604381182,3
300997.SZ,欢乐家,中秋,-0.004697503260665868,-1.0021729024115318,4.1238305012835506,3
300997.SZ,欢乐家,清明,-0.00792457578543618,-1.3588917888778367,2.175363089957738,5
300997.SZ,欢乐家,春节,-0.010095047385489126,-4.613797281457033,6.628726738870421,4
300997.SZ,欢乐家,端午,-0.022732608387342427,-11.308511759956598,-4.72321709810539,4
600189.SH,泉阳泉,中秋,-0.005075022204494246,-0.6020119127911051,0.9846732160215013,5
600189.SH,泉阳泉,国庆,-0.0052859595989905635,-0.07398017634830269,0.5635090053250708,9
600189.SH,泉阳泉,清明,-0.01163492458602147,-0.8996543128461141,-3.173863594345599,13
600189.SH,泉阳泉,五一,-0.013015974353218128,-1.4173459438953755,-0.26199925773782323,7
600189.SH,泉阳泉,端午,-0.0232785946206254,-3.067392126835306,0.3353012881990303,7
600189.SH,泉阳泉,春节,-0.04966116206602524,-5.524340755502871,3.710388923883265,10
600300.SH,维维股份,中秋,-0.003115289990284165,-0.45942688540146676,-0.837415971143718,6
600300.SH,维维股份,清明,-0.006269461014949468,-0.42580800511372174,-0.8905274940268318,14
600300.SH,维维股份,国庆,-0.01109710024973371,-0.8865821240696861,0.1341691254924693,10
600300.SH,维维股份,端午,-0.016382648218474308,-1.7419663056680554,-1.1665283827648683,8
600300.SH,维维股份,春节,-0.01734223062253924,-1.7681074086404522,3.7734660016524244,10
600300.SH,维维股份,五一,-0.07543508713379292,-8.137495269834504,4.856660126585661,7
600962.SH,国投中鲁,中秋,0.018587101864210347,3.229039950716047,-0.35492424677336576,6
600962.SH,国投中鲁,端午,0.008854452651163466,1.512606362486813,-0.37480948674815795,8
600962.SH,国投中鲁,国庆,6.019208715395083e-05,0.3635876076607326,-0.965228287229334,10
600962.SH,国投中鲁,五一,-0.011243008395374265,-1.3589926198417086,1.2469426319060593,7
600962.SH,国投中鲁,清明,-0.023616836766162424,-2.0316342349954604,-2.4462079892707322,14
600962.SH,国投中鲁,春节,-0.04915069090805669,-5.3377199350608215,5.177056932269657,10
603156.SH,养元饮品,国庆,0.061207303317569184,7.26260938819661,-3.8127105219128863,8
603156.SH,养元饮品,春节,0.037866875372040025,3.1333731171139148,0.0009275465928648141,8
603156.SH,养元饮品,清明,0.02853104602194675,2.862458355629011,3.5804656952351444,10
603156.SH,养元饮品,中秋,-0.00031226990023542305,0.3539211405532484,-0.5045146957700795,5
603156.SH,养元饮品,五一,-0.005916151302714671,-0.5265788155012366,0.7835636301490476,6
603156.SH,养元饮品,端午,-0.026491842946003468,-2.4326834477372996,5.056003963335608,7
603711.SH,香飘飘,国庆,0.010078967523165904,1.9358469840749644,-2.0747769954521114,8
603711.SH,香飘飘,清明,-0.01462458531067595,-1.3877856545711817,0.4994646314691219,10
603711.SH,香飘飘,五一,-0.016099197157428413,-2.3595133354154383,1.87346500212312,6
603711.SH,香飘飘,中秋,-0.01725316702626252,-2.5227633066795363,0.9500838267758784,5
603711.SH,香飘飘,端午,-0.036214511676844065,-4.543808380570445,-3.2984385256479354,7
603711.SH,香飘飘,春节,-0.042962710368362494,-5.374295129926981,4.82369604141665,8
605198.SH,安德利,国庆,0.10946441841159892,20.318974665658452,-4.858667235507507,6
605198.SH,安德利,清明,0.08305585077207223,14.114840879523113,2.1209357197770244,6
605198.SH,安德利,中秋,-0.02191035557093949,-2.88988355253534,5.799198129633783,3
605198.SH,安德利,五一,-0.038845332028130765,-5.2459067249857885,8.213164626863978,4
605198.SH,安德利,端午,-0.04525533738704127,-6.295624989247294,-1.4258702830320904,4
605198.SH,安德利,春节,-0.05535618087747734,-6.808522831802671,6.077137848272267,5
605499.SH,东鹏饮料,端午,0.14201703991982834,26.27010162452956,9.33504996143069,4
605499.SH,东鹏饮料,国庆,0.04294233689509895,6.599246566583955,1.1607737121195982,5
605499.SH,东鹏饮料,五一,0.04245617649475197,8.245271047349712,2.3647896777775457,3
605499.SH,东鹏饮料,春节,-0.008439536781465648,0.5026428419698667,0.09231137670558942,4
605499.SH,东鹏饮料,清明,-0.014365329536025841,-0.1030125958223536,1.817687733041673,5
605499.SH,东鹏饮料,中秋,-0.040812142953381404,-4.631986843488689,3.0805789929923186,3
000428.SZ,华天酒店,中秋,0.0035398590349310856,0.5425297966581605,2.501100660814911,6
000428.SZ,华天酒店,端午,0.00045165040763516944,0.12699314507681325,-0.5696942434594412,8
000428.SZ,华天酒店,春节,-0.00710290594901584,-1.0697491396608974,9.544886017947977,10
000428.SZ,华天酒店,清明,-0.04106561632669049,-3.7377118806890492,1.2967862521210474,14
000428.SZ,华天酒店,国庆,-0.04798211830786446,-4.978182188845855,-3.973113336258772,10
000428.SZ,华天酒店,五一,-0.0556137634351158,-7.467237995440738,-0.8631514633409673,7
000721.SZ,西安饮食,中秋,0.015905038477016353,3.0004899560842127,1.1473065799241144,6
000721.SZ,西安饮食,国庆,-0.006481206466518083,-0.12484576000484608,-4.457026343239642,10
000721.SZ,西安饮食,端午,-0.02912192502578835,-3.7927884695313354,-0.35862198154038283,8
000721.SZ,西安饮食,清明,-0.03748652481487848,-3.6669008414887956,0.16397420080939293,14
000721.SZ,西安饮食,五一,-0.042105273481970164,-6.142807505377648,-1.6134943907588073,7
000721.SZ,西安饮食,春节,-0.04662693550225336,-5.737745405337246,4.434012704502256,10
002186.SZ,全聚德,中秋,0.004963617751260951,0.570945655124396,1.5470663240938787,6
002186.SZ,全聚德,国庆,-0.01241023463090387,-0.9710501526283144,-3.824464977726131,10
002186.SZ,全聚德,五一,-0.019634176620763298,-2.130297817618037,-0.4143742896602212,7
002186.SZ,全聚德,端午,-0.024326445016494138,-2.4517276058508592,-1.0012869147375913,8
002186.SZ,全聚德,清明,-0.030597047331971123,-2.116905284538776,-1.4439905560425237,14
002186.SZ,全聚德,春节,-0.06071548018538498,-5.346904671400859,1.476023958297954,10
002306.SZ,*ST云网,国庆,0.007575164505787308,0.9800121107395523,-2.6340775265470273,10
002306.SZ,*ST云网,清明,-0.007693138238896486,-0.5966173603665652,-4.554393178219926,12
002306.SZ,*ST云网,五一,-0.019055715829581227,-2.7585981014584253,3.945891505513945,7
002306.SZ,*ST云网,端午,-0.01943010066057132,-2.9384625526620423,0.7384347627474087,7
002306.SZ,*ST云网,中秋,-0.020294795676677066,-3.361534574475224,4.509412793309921,6
002306.SZ,*ST云网,春节,-0.08507732287251918,-9.464433562911218,10.697177215045048,10
301073.SZ,君亭酒店,国庆,0.13707726026365405,30.65892054500199,-4.657724526228792,5
301073.SZ,君亭酒店,端午,-0.005114328848904505,0.612459183706845,-3.7719302757868385,3
301073.SZ,君亭酒店,清明,-0.008158744667511587,0.06961635530781969,3.2681412639613754,5
301073.SZ,君亭酒店,中秋,-0.01272179627170929,-2.786330035390033,56.50362548361357,3
301073.SZ,君亭酒店,春节,-0.024551353193581177,-4.052056696253453,8.86149264465572,4
301073.SZ,君亭酒店,五一,-0.028796380410761956,-6.095536076596656,1.4715438449554805,3
600258.SH,首旅酒店,中秋,0.0034853143845748214,0.6653146527253441,2.3245999849319134,6
600258.SH,首旅酒店,清明,0.0030498266460737278,0.4404096310480927,-1.514870907718694,14
600258.SH,首旅酒店,国庆,0.0017437224043969956,0.5998133902638914,-3.418063776809307,10
600258.SH,首旅酒店,春节,-0.004079839057405001,-0.2962102617891561,1.2993605178853573,10
600258.SH,首旅酒店,五一,-0.0073623723476847185,-0.707330448262814,-2.587470391941292,7
600258.SH,首旅酒店,端午,-0.012750829393423015,-1.316439391674079,-0.07906660117106534,8
600754.SH,锦江酒店,国庆,0.03390835276574626,4.13020166371273,-4.651048024960815,10
600754.SH,锦江酒店,春节,0.007197791138577649,0.8199749449272884,2.730512892512655,10
600754.SH,锦江酒店,五一,0.006159228146190197,0.9316510937583072,-1.4634619740858652,7
600754.SH,锦江酒店,端午,0.0018098416375883105,0.28476886353521474,-0.6361707172139783,8
600754.SH,锦江酒店,清明,-0.003987177675149634,-0.43005150407313125,-1.8760144630357745,14
600754.SH,锦江酒店,中秋,-0.025459434270761826,-3.1650314644227593,3.305941805307779,6
601007.SH,金陵饭店,端午,-0.0025095260127855996,-0.23708450925878788,1.7719783023422238,8
601007.SH,金陵饭店,中秋,-0.006749053957055518,-0.720726531060928,1.6904673292187031,6
601007.SH,金陵饭店,清明,-0.008630085207338534,-0.6746040346183472,1.6881991880223175,14
601007.SH,金陵饭店,国庆,-0.017343533344831585,-1.40131921400739,-3.7344294693678486,10
601007.SH,金陵饭店,五一,-0.019360739297968138,-2.113556123363509,1.1132081233984061,7
601007.SH,金陵饭店,春节,-0.03534101158046917,-3.385168319604289,3.53552644146977,10
605108.SH,同庆楼,国庆,0.019606057866820473,3.7887673516741565,-3.4900334003110696,6
605108.SH,同庆楼,中秋,0.004512347637376596,1.1809203154609689,8.65708829888432,3
605108.SH,同庆楼,清明,-0.006395388945001882,-0.25926815309767653,2.6105213912243523,6
605108.SH,同庆楼,端午,-0.014253776581062937,-1.6591337234989205,-1.0354913908137808,4
605108.SH,同庆楼,春节,-0.03853889759115733,-4.658896662820867,-0.3255593206892994,5
605108.SH,同庆楼,五一,-0.04774499943819811,-6.812247665609333,-1.0096803924081799,4
000505.SZ,京粮控股,清明,0.02651977947176652,3.384026362131175,2.358024994245682,14
000505.SZ,京粮控股,中秋,0.001014374739283022,0.3066888893910047,1.5704285084060963,5
000505.SZ,京粮控股,春节,-0.006237022627395683,-0.28083636218459673,3.9200090104490215,10
000505.SZ,京粮控股,国庆,-0.012751792459369117,-1.4440901312287182,3.7204742282348815,9
000505.SZ,京粮控股,端午,-0.016435969056211905,-2.323589257394311,-0.13458662677960126,7
000505.SZ,京粮控股,五一,-0.0410853276132329,-5.747655807658875,5.703922387455376,7
000523.SZ,红棉股份,中秋,0.010945142750802505,1.3624247826057905,0.874758670098393,6
000523.SZ,红棉股份,清明,0.0037025248467718623,0.15136749671032465,0.0871496608191978,13
000523.SZ,红棉股份,端午,-0.006258503034083062,-0.9196063870447883,3.662650255779838,7
000523.SZ,红棉股份,五一,-0.019283591340531196,-2.5882948828616135,2.4847724556939395,7
000523.SZ,红棉股份,国庆,-0.023573628408172505,-1.9967682781750304,-3.437035781210656,10
000523.SZ,红棉股份,春节,-0.03041904772283425,-3.296598746116973,7.396976865232754,10
000529.SZ,广弘控股,清明,0.0106392629042264,1.0101202642957925,0.5676262897916634,14
000529.SZ,广弘控股,国庆,0.0019022918561051611,0.3431834279249578,-0.5006153273861534,10
000529.SZ,广弘控股,端午,-0.005612072460130921,-0.6570381356450552,-2.7096619610083916,8
000529.SZ,广弘控股,中秋,-0.005769567887542598,-0.7522980178188753,-0.8406267928486999,6
000529.SZ,广弘控股,五一,-0.009784806448281969,-1.2508461525748518,2.531926192995123,7
000529.SZ,广弘控股,春节,-0.025170968804566093,-2.6078996835809223,7.051948440897983,10
000639.SZ,西王食品,中秋,0.001591486825283383,0.25055735581054994,2.0964988498256854,5
000639.SZ,西王食品,国庆,-0.008580626734872141,-0.7597872131446164,3.588132253321232,10
000639.SZ,西王食品,清明,-0.0187110071833567,-1.7320510987749174,-0.36852728462221634,14
000639.SZ,西王食品,五一,-0.02505945207590372,-3.3053419088751483,2.818057271093601,7
000639.SZ,西王食品,端午,-0.027821781584073318,-3.7533263449204273,0.2729185593591953,7
000639.SZ,西王食品,春节,-0.053067773061351665,-5.689159718073531,7.237467748414697,10
000716.SZ,黑芝麻,端午,-0.0016305137804682353,0.6612094961774417,-1.5670883662842696,8
000716.SZ,黑芝麻,中秋,-0.005008551801533315,-0.9867218987998879,-1.8085262153356318,6
000716.SZ,黑芝麻,清明,-0.005234974605448897,-0.2964525951914487,-2.0753155361020923,12
000716.SZ,黑芝麻,五一,-0.010726701619036499,-1.7012894496337434,5.0969550929088046,6
000716.SZ,黑芝麻,国庆,-0.0183377650885518,-1.7431682043291268,2.256496469810254,10
000716.SZ,黑芝麻,春节,-0.07820212629795045,-9.36737218734166,5.9135906637100915,9
000895.SZ,双汇发展,国庆,0.042874618862302226,3.6595224011872203,-2.3174629786593424,10
000895.SZ,双汇发展,清明,0.027537775288510438,2.063638124101874,1.2384644658170132,14
000895.SZ,双汇发展,中秋,0.018967425462916642,2.2607790553650733,1.823585820210094,6
000895.SZ,双汇发展,春节,0.01877099186100455,1.7590957144508805,0.6596018565777919,10
000895.SZ,双汇发展,五一,-0.0033381990736510844,0.03492036727736579,0.2682385480667936,7
000895.SZ,双汇发展,端午,-0.027523722815854607,-1.9089520060488558,0.30748743032771725,8
000911.SZ,广农糖业,清明,-0.015025716530855621,-1.5025371675683097,2.7679881582714,14
000911.SZ,广农糖业,五一,-0.015058077779956325,-2.0274865899841714,-1.0852937023131093,7
000911.SZ,广农糖业,端午,-0.015077310791910733,-1.82499541685837,2.8797204269399117,8
000911.SZ,广农糖业,中秋,-0.024094658361412672,-3.3065917743370736,1.4795449210628069,6
000911.SZ,广农糖业,国庆,-0.025022383022746765,-2.740276020582681,1.9196613848296074,10
000911.SZ,广农糖业,春节,-0.053236947461344955,-5.830187177194864,5.316242944098925,10
000972.SZ,*ST中基,中秋,0.020818231867639193,2.72741847335965,-0.7315536893640227,6
000972.SZ,*ST中基,春节,0.010783048987901837,1.061024969406345,7.984333080922367,10
000972.SZ,*ST中基,国庆,-0.0008369653189273526,-0.25760148415016176,-1.7569290158155328,10
000972.SZ,*ST中基,端午,-0.026343592544605672,-3.5729195878624616,3.0992676834354116,7
000972.SZ,*ST中基,五一,-0.029959256257836818,-3.9605500217234733,1.1610942393687618,7
000972.SZ,*ST中基,清明,-0.03442856370504131,-3.1791681725689926,-2.035951945882594,14
001215.SZ,千味央厨,中秋,0.0982258045078081,25.496950933508344,14.492892591196158,3
001215.SZ,千味央厨,国庆,0.06747979709397044,9.826732975509707,-3.7895267545421163,5
001215.SZ,千味央厨,春节,-0.0060946321446848795,-0.09215170538422202,3.927883839222668,4
001215.SZ,千味央厨,五一,-0.017420041002479365,-1.8463574723463088,4.187325537447791,3
001215.SZ,千味央厨,清明,-0.017692710946189925,-1.4763011537415793,-4.131082100736998,5
001215.SZ,千味央厨,端午,-0.02131435586415464,-2.5030938637789455,-3.7718028616868313,3
001219.SZ,青岛食品,国庆,0.010317558511833148,2.291054939129281,0.29056122693101916,4
001219.SZ,青岛食品,五一,-0.01213215194993158,-1.0822496346064987,1.9078945906175242,3
001219.SZ,青岛食品,清明,-0.01686830363821557,-1.4811675791489627,3.675035491675247,5
001219.SZ,青岛食品,端午,-0.04615866014078332,-5.962810337721936,3.146313056209353,3
001219.SZ,青岛食品,中秋,-0.053404059533554864,-8.725202438990593,3.811534859386806,2
001219.SZ,青岛食品,春节,-0.10295766958724746,-11.458163243268897,2.2606018211558885,4
002216.SZ,三全食品,国庆,0.03884297811880007,4.1908086028100495,-1.0465305641141778,10
002216.SZ,三全食品,清明,0.006182413657736227,0.6682355029324422,1.4736530991843255,14
002216.SZ,三全食品,五一,-0.016882430833809674,-1.7898929510958854,3.735664528261668,7
002216.SZ,三全食品,春节,-0.021507430130743074,-1.8305363325354658,0.915147888037018,10
002216.SZ,三全食品,中秋,-0.02271893199330806,-2.5052792036795166,4.07707061169722,6
002216.SZ,三全食品,端午,-0.03037389210480366,-2.9140376282010676,2.8751422285905113,8
002286.SZ,保龄宝,端午,0.006761682699269272,1.1689825438915113,-0.4032150869215837,8
002286.SZ,保龄宝,中秋,0.0026768500260952836,0.5641831496425759,-2.269913320552435,6
002286.SZ,保龄宝,清明,-0.008833560296032208,-0.7346021554847955,-2.405132540257479,14
002286.SZ,保龄宝,五一,-0.009207348257238315,-0.7566222630756886,2.1772799415659163,7
002286.SZ,保龄宝,国庆,-0.013408149980497788,-1.3009059456426917,0.4417404160756443,10
002286.SZ,保龄宝,春节,-0.05346650783779705,-5.942885715743649,5.536245575743288,9
002330.SZ,得利斯,五一,0.011636445985038279,1.566988507094843,0.712963641539523,7
002330.SZ,得利斯,国庆,0.005599206472748803,0.6772037039300425,-1.6454935301658815,10
002330.SZ,得利斯,中秋,-0.008743051142366991,-1.3498344340083401,0.23884624434224064,6
002330.SZ,得利斯,端午,-0.023938123010156378,-3.02834207341745,1.1541036656866637,8
002330.SZ,得利斯,清明,-0.04701069725228885,-4.036236309903759,-0.5584583959471399,14
002330.SZ,得利斯,春节,-0.05600504186170659,-6.217262062796555,3.342800396147004,10
002481.SZ,双塔食品,端午,0.010485477164932096,1.4096961769757432,2.4429967563883395,8
002481.SZ,双塔食品,国庆,0.005455198137893819,0.7347411915011124,-0.6122923950386105,10
002481.SZ,双塔食品,五一,-0.01753272827526403,-2.4301163270459853,12.29174239189203,7
002481.SZ,双塔食品,中秋,-0.0182481768155355,-2.777479561247738,0.5667401353353974,6
002481.SZ,双塔食品,清明,-0.01997598659111694,-1.802913483225898,2.10779093274064,14
002481.SZ,双塔食品,春节,-0.024604195371730243,-2.8773452503405528,5.395982853184088,10
002495.SZ,佳隆股份,国庆,0.010173189635191,1.1936875640318179,0.45342907969401425,10
002495.SZ,佳隆股份,中秋,-0.004247326746543579,-0.586859896024337,4.1350222956151335,6
002495.SZ,佳隆股份,清明,-0.007328035247428879,-0.5657739244103398,-1.9140883234111734,14
002495.SZ,佳隆股份,五一,-0.023018741049553825,-2.912614150040317,1.5762465730497144,7
002495.SZ,佳隆股份,端午,-0.024234091311904054,-2.5868918489994606,1.9203807577864715,8
002495.SZ,佳隆股份,春节,-0.04880459864691618,-4.909528862426152,6.827501868363271,10
002507.SZ,涪陵榨菜,国庆,0.058036545079148225,6.064099954729146,-2.389165866013948,10
002507.SZ,涪陵榨菜,春节,0.021756756399800802,2.519859139099882,2.143460344745634,9
002507.SZ,涪陵榨菜,清明,0.01946290546620756,1.9788626240734417,0.9559494938878945,13
002507.SZ,涪陵榨菜,中秋,0.001137709233378885,0.6723407886642124,3.5602649516914813,6
002507.SZ,涪陵榨菜,五一,0.0006566600062210638,0.4539943167136509,2.1876508137312167,7
002507.SZ,涪陵榨菜,端午,-0.027435992633265176,-2.48535324317609,0.9743268487170357,8
002515.SZ,金字火腿,国庆,0.019460712255953846,2.089627687740319,1.7139632192074348,10
002515.SZ,金字火腿,五一,6.686997843202877e-05,-0.11776779113091036,0.2202149985368481,7
002515.SZ,金字火腿,端午,-0.017978664072519513,-2.2073641542636198,-3.504945176531617,7
002515.SZ,金字火腿,清明,-0.02486283900685455,-2.425790322814806,-2.984034794519669,10
002515.SZ,金字火腿,中秋,-0.02534289534284575,-3.326448149986779,2.7279590807188305,6
002515.SZ,金字火腿,春节,-0.03959480770254864,-3.9747374294158475,2.5376590897599023,10
002557.SZ,洽洽食品,国庆,0.02878984472188964,3.2909417224563335,-0.22958731095201843,10
002557.SZ,洽洽食品,中秋,0.01728413647617599,2.523727138000035,5.685475525134474,6
002557.SZ,洽洽食品,春节,0.013887645024399846,1.5856662952791676,-0.16962688180221966,10
002557.SZ,洽洽食品,清明,0.010816705300865707,1.3450846110262162,0.5351380136301195,14
002557.SZ,洽洽食品,端午,-0.012776032668556038,-1.0984306762882519,-2.700597534688944,8
002557.SZ,洽洽食品,五一,-0.021404596114426914,-2.162598937481854,1.2584566562300545,7
002582.SZ,好想你,国庆,0.0200162913127435,3.1864984943207033,-1.656750864675356,10
002582.SZ,好想你,清明,0.005878573933100763,1.0267235162830415,-0.5964510802000523,14
002582.SZ,好想你,中秋,-0.007379605344108082,-0.6189975899151379,6.035939851210155,6
002582.SZ,好想你,五一,-0.025117476744627155,-3.018137754823441,2.3664662532862257,7
002582.SZ,好想你,端午,-0.035857875823455676,-3.6878326916586883,0.5489497426777109,8
002582.SZ,好想你,春节,-0.06294037396332795,-7.016248521598811,5.2540925910807745,9
002597.SZ,金禾实业,春节,0.03399738111295946,3.903230221966779,-0.0636449012221691,10
002597.SZ,金禾实业,清明,0.011631787706616895,1.5532278422127974,-0.09262325232858085,14
002597.SZ,金禾实业,五一,0.0005640442361354953,0.6591692774941454,0.753659180815623,7
002597.SZ,金禾实业,国庆,-0.003300854942390065,0.16713034644000305,-1.5707763301446929,10
002597.SZ,金禾实业,中秋,-0.006621415379442415,-0.5269603952157088,-3.5093249228189016,6
002597.SZ,金禾实业,端午,-0.009002635659634108,-0.4895489198886772,-0.2071636061683575,8
002650.SZ,ST加加,五一,0.011688265922150073,1.73210913554823,0.884611463330733,6
002650.SZ,ST加加,清明,0.01141805120152745,1.4077565763727216,-1.0594816745100808,11
002650.SZ,ST加加,端午,0.009194958287617577,1.5056019754164391,4.947629825840347,7
002650.SZ,ST加加,国庆,0.0016785779440975364,0.1941015448786566,2.9170058016754123,9
002650.SZ,ST加加,中秋,-0.010107480792865539,-1.4189303336044692,5.308940031895937,5
002650.SZ,ST加加,春节,-0.08032993555094713,-7.5703066814576605,4.216793358073327,10
002661.SZ,克明食品,清明,0.02010018172242064,1.6196455804664547,0.47967011244143704,13
002661.SZ,克明食品,国庆,0.01675028111444777,1.6579916152574696,-1.1622735495870664,10
002661.SZ,克明食品,五一,-0.0004947609811849761,-0.03510668629035691,4.022860244379579,7
002661.SZ,克明食品,中秋,-0.015599880545134762,-1.7537374783040978,2.8818222584295357,6
002661.SZ,克明食品,端午,-0.039946395877216226,-3.8882721425497406,-1.3591387291190236,8
002661.SZ,克明食品,春节,-0.0410549025836667,-3.8792580761089153,5.991940737527247,9
002695.SZ,煌上煌,端午,-0.0018370600775907946,0.16227881570780323,0.9780993159327485,8
002695.SZ,煌上煌,中秋,-0.0024089313482828,-0.14514336344528797,0.1690246544997199,6
002695.SZ,煌上煌,国庆,-0.005474175971661726,-0.12494506774124811,-1.5677270232093057,10
002695.SZ,煌上煌,五一,-0.00993734714969436,-1.0464638626524914,2.884131853460022,7
002695.SZ,煌上煌,清明,-0.011878316267286883,-0.8005592634591465,-1.1863164598672458,14
002695.SZ,煌上煌,春节,-0.03786910235424786,-3.995200433046775,4.618788675362913,10
002702.SZ,海欣食品,中秋,-0.003531454980823996,-0.3670672643356872,-1.3424105313505887,6
002702.SZ,海欣食品,五一,-0.005481411579452295,-0.8491260106431514,6.457400185422261,7
002702.SZ,海欣食品,清明,-0.015098259111455221,-1.3875634071318597,0.41669923294139855,14
002702.SZ,海欣食品,国庆,-0.017067353425876786,-1.9224657190744268,0.42374762972344965,10
002702.SZ,海欣食品,端午,-0.03229946262846777,-4.418682127148662,3.72197643866317,8
002702.SZ,海欣食品,春节,-0.05572392694692359,-6.235661770432421,4.233800561559374,10
002726.SZ,龙大美食,五一,0.030682204393675278,3.513822829084831,-0.1713331176631734,7
002726.SZ,龙大美食,国庆,0.0054148355987808285,0.7554468285958871,-0.4779107398926863,10
002726.SZ,龙大美食,清明,-0.0032738689415481898,-0.2981605472752419,3.5404638140371234,12
002726.SZ,龙大美食,端午,-0.010184500788331404,-1.077169224845714,-2.170464757653276,8
002726.SZ,龙大美食,中秋,-0.012826969705289858,-1.6240525877781558,-0.8710966101215707,6
002726.SZ,龙大美食,春节,-0.037819466173677575,-3.589170450921398,2.4442931304257662,10
002820.SZ,桂发祥,中秋,-0.006067500297743334,-0.9514989757892376,0.40180729413455724,5
002820.SZ,桂发祥,国庆,-0.008939725148659284,-0.6100167114856885,1.9239314898530937,9
002820.SZ,桂发祥,端午,-0.02783794764082589,-3.4520095682038527,1.898110881914589,7
002820.SZ,桂发祥,清明,-0.02936308659348931,-2.5634284492489825,-1.6363031923031874,12
002820.SZ,桂发祥,五一,-0.04340638696192026,-5.515130957060497,2.2696981083106347,7
002820.SZ,桂发祥,春节,-0.09250042794616939,-10.358377767366758,5.394542375049609,9
002840.SZ,华统股份,春节,0.04356894245272193,6.997741692726984,4.730959200777383,9
002840.SZ,华统股份,国庆,0.013381779112087551,2.5119562601771883,-1.6759395489777995,9
002840.SZ,华统股份,五一,0.0035522406659577762,0.968005491431312,1.7831221723807782,7
002840.SZ,华统股份,中秋,0.0029073488631497757,1.5432641077524665,2.67639994522624,5
002840.SZ,华统股份,清明,-0.0003619318518347466,0.735851329768272,-0.7267976043711304,12
002840.SZ,华统股份,端午,-0.029150328386064208,-3.178977374333136,6.302011615095218,7
002847.SZ,盐津铺子,国庆,0.025475873085583654,4.735526301776497,-2.426611480843407,9
002847.SZ,盐津铺子,清明,0.013367046609037486,3.064547628475841,3.191777867134249,12
002847.SZ,盐津铺子,中秋,-0.017367348369570972,-1.923660359473498,4.987461390128464,5
002847.SZ,盐津铺子,端午,-0.0271948834389898,-2.8586688276474814,1.148194736418457,7
002847.SZ,盐津铺子,五一,-0.030235109619571984,-2.2716707755442735,0.3726460349802588,7
002847.SZ,盐津铺子,春节,-0.043209269523766324,-4.399691051086246,10.555650019093914,9
002852.SZ,道道全,中秋,0.0017921045452288275,0.4564517092651533,0.17284368820221552,5
002852.SZ,道道全,清明,-0.012980145518188203,-1.1397026784242863,-4.511802557135659,12
002852.SZ,道道全,五一,-0.015748754313453444,-2.0205791135846747,5.517192722700806,7
002852.SZ,道道全,国庆,-0.02086731263204106,-1.84485355458388,-1.4170796812095188,9
002852.SZ,道道全,春节,-0.050316600276620944,-6.176451348321798,4.558130201436695,8
002852.SZ,道道全,端午,-0.05291707606197418,-6.80980663088221,4.025454474776612,7
002956.SZ,西麦食品,清明,-0.002752924729524874,0.7202575013192216,1.8392619489727622,7
002956.SZ,西麦食品,国庆,-0.009321105971108806,-0.12244659483571407,-2.0906315102428943,7
002956.SZ,西麦食品,端午,-0.015459823950822847,-1.3604321193939906,1.7081396301237326,5
002956.SZ,西麦食品,五一,-0.028382799835245835,-3.406720017051028,10.231387740102775,5
002956.SZ,西麦食品,中秋,-0.03548315331880419,-4.688678979495409,4.276918550856726,4
002956.SZ,西麦食品,春节,-0.03957165495159302,-4.474524782363633,6.288859041459595,6
002991.SZ,甘源食品,国庆,0.019313731392654465,3.1367175013089716,-3.0883144748588207,6
002991.SZ,甘源食品,清明,-0.0046478917020948175,0.17032194102329404,2.602853299254224,6
002991.SZ,甘源食品,春节,-0.005906308643747654,-0.4121483467531452,0.4787158337735239,5
002991.SZ,甘源食品,端午,-0.01207887534640132,-1.133286611190329,-1.294386379749937,4
002991.SZ,甘源食品,五一,-0.024312917991382257,-3.175626470113482,-1.9575777583969447,4
002991.SZ,甘源食品,中秋,-0.039729382822066533,-6.001275722918254,8.76392773703567,3
003000.SZ,劲仔食品,国庆,0.09002967266510357,12.834936651357255,-0.8421556925037971,6
003000.SZ,劲仔食品,春节,0.043876811652131385,7.4125330391581326,-1.4706144424952843,5
003000.SZ,劲仔食品,清明,0.0002496577804286052,1.0222961671395616,2.4970772942696433,6
003000.SZ,劲仔食品,端午,-0.01730720139598582,-1.7629155660633278,-1.4315802531241484,4
003000.SZ,劲仔食品,中秋,-0.032587614365520094,-5.060478025877646,6.7261170625064155,3
003000.SZ,劲仔食品,五一,-0.04305028341069041,-5.67864352290045,1.2326047809054441,4
003030.SZ,祖名股份,国庆,0.014395765058550256,2.572286471172238,0.9413236658458614,5
003030.SZ,祖名股份,清明,-0.007011851472255268,-0.1492875095337148,-1.9659777781635432,6
003030.SZ,祖名股份,端午,-0.01417083873230241,-1.4942999176133815,-1.3643880597677045,4
003030.SZ,祖名股份,五一,-0.02252967245864327,-1.98415405259667,3.1462651763686456,4
003030.SZ,祖名股份,中秋,-0.03516755498465031,-5.0200766806028065,6.606831692845298,3
003030.SZ,祖名股份,春节,-0.0691016082669706,-8.509061773401104,1.1610584070426195,5
300138.SZ,晨光生物,国庆,0.03323657549098077,3.8011149876079706,-0.7812806935739312,10
300138.SZ,晨光生物,春节,0.022556847669635817,2.5633318476095477,1.9901943915663245,10
300138.SZ,晨光生物,清明,0.02108633073304035,1.970392699087016,-1.9318414317538257,14
300138.SZ,晨光生物,中秋,0.001964350699906081,0.5333144695689888,-0.8527952052508851,6
300138.SZ,晨光生物,五一,-0.013606017172505477,-1.3847476006430344,4.309318741567323,7
300138.SZ,晨光生物,端午,-0.02715649053328499,-2.646970516983059,-3.0055945060605467,8
300146.SZ,汤臣倍健,国庆,0.054031541285228184,5.516844197135965,-3.4820400893250723,10
300146.SZ,汤臣倍健,五一,0.032884457187149205,3.7505171749312636,-0.14411269919700137,7
300146.SZ,汤臣倍健,春节,0.0072977995577367715,0.7689341275263896,3.00312285859265,9
300146.SZ,汤臣倍健,清明,0.006749632885240416,0.5604136456475126,-0.4008711966842983,12
300146.SZ,汤臣倍健,端午,0.0007609318413257026,0.2377896251074097,-2.98155711900958,7
300146.SZ,汤臣倍健,中秋,-0.019782688431865862,-2.264395239290979,3.7724597603603596,6
300175.SZ,ST朗源,中秋,0.004209509166390342,0.901135456101763,-1.7954058579356982,6
300175.SZ,ST朗源,五一,-2.8388802366416113e-05,0.4879425512432559,15.207392711127694,7
300175.SZ,ST朗源,清明,-0.012724960827160875,-1.4381077150467643,-5.25957155988069,14
300175.SZ,ST朗源,国庆,-0.012939320408429584,-1.1803761250370877,0.9723179023139762,10
300175.SZ,ST朗源,春节,-0.028714962790336005,-4.053818953317549,5.528363355370518,10
300175.SZ,ST朗源,端午,-0.04178426197196372,-5.873337145827142,-0.5090838847631032,8
300741.SZ,华宝股份,国庆,0.008190800978827035,1.2767858611646115,-3.6956716855713934,8
300741.SZ,华宝股份,中秋,-0.003473308030388153,-0.5413941249774012,0.08653448090799802,5
300741.SZ,华宝股份,五一,-0.004817001910684467,-0.48050336840034413,5.304606500923222,6
300741.SZ,华宝股份,端午,-0.01903633196176399,-2.2470975216992675,11.433069952410507,7
300741.SZ,华宝股份,清明,-0.024003988317067446,-2.507986587957508,-2.1048633258921754,10
300741.SZ,华宝股份,春节,-0.06235126635216831,-7.2949182611874805,7.463333750558519,8
300765.SZ,新诺威,清明,0.03767730661940457,7.216412514053297,-1.922112811391755,8
300765.SZ,新诺威,国庆,0.01731443001123778,4.605542825876474,4.1198298627375864,7
300765.SZ,新诺威,中秋,-0.0009013802509629076,1.1493810883405624,0.9726989669956136,4
300765.SZ,新诺威,春节,-0.0019368008705347105,0.621572862874975,5.322262615809833,6
300765.SZ,新诺威,五一,-0.01223625216618947,-0.26856026571594843,4.880632411889433,6
300765.SZ,新诺威,端午,-0.012790877235960443,-0.7662829197068454,0.7567671955772278,6
300783.SZ,三只松鼠,国庆,0.017017365060756587,3.452343785050541,-1.519242572395157,7
300783.SZ,三只松鼠,清明,0.014472265259868104,2.6885960202617945,2.532277857549165,7
300783.SZ,三只松鼠,中秋,0.001007500742548194,1.0253670097485652,9.439524780479314,4
300783.SZ,三只松鼠,五一,-0.01497194833488016,-2.201706289286973,2.9696800000207886,5
300783.SZ,三只松鼠,端午,-0.019758482992601682,-2.522416111997141,-0.9249938998918527,5
300783.SZ,三只松鼠,春节,-0.04927842791651358,-6.461063615951871,-1.682787495258425,6
300829.SZ,金丹科技,五一,0.09329911252832145,16.28662986555693,8.797067756544314,5
300829.SZ,金丹科技,国庆,0.006207402247118887,1.7798174158714595,-3.7907334713113605,6
300829.SZ,金丹科技,清明,-0.014987074264808468,-1.6615789924240059,-5.355830561189457,6
300829.SZ,金丹科技,中秋,-0.026203133104982818,-4.8716754012938,-0.6509962366939496,3
300829.SZ,金丹科技,端午,-0.028257265617553363,-3.728689516003354,6.834316738758526,5
300829.SZ,金丹科技,春节,-0.0592299350578836,-8.824018244708009,4.228363366395169,5
300858.SZ,科拓生物,五一,0.03717214228105485,6.507543027415583,1.8747705248144342,4
300858.SZ,科拓生物,国庆,0.0012299411400895598,1.1111753439604337,-1.6754399353818858,6
300858.SZ,科拓生物,端午,-0.005210667380722742,0.04886003553966112,1.9635081283110256,4
300858.SZ,科拓生物,春节,-0.029240008323837812,-3.4873463643512537,-1.6174032356762538,5
300858.SZ,科拓生物,清明,-0.043188192143922985,-4.882878537221697,-0.3176538103194512,6
300858.SZ,科拓生物,中秋,-0.05251243083519191,-8.737400002064522,1.2049985826276959,3
300908.SZ,仲景食品,国庆,0.016121739729728312,5.5022226139452,-1.9252346249450933,5
300908.SZ,仲景食品,五一,-0.015089350288434153,-3.6606527985647537,2.1012902601686756,4
300908.SZ,仲景食品,中秋,-0.017162161307010256,-5.111735861407026,7.4810181114384795,3
300908.SZ,仲景食品,端午,-0.019175588618927628,-4.78880410287883,-1.908196458710562,4
300908.SZ,仲景食品,清明,-0.021252828873018395,-3.8800643844391502,0.7158018042651723,6
300908.SZ,仲景食品,春节,-0.023079326217349715,-5.311712949481664,1.1399190419478653,5
300972.SZ,万辰集团,国庆,0.000963296347916051,4.392779411731028,13.743582384182293,5
300972.SZ,万辰集团,五一,-0.004862630623066946,2.003090498734164,3.3133243734982027,4
300972.SZ,万辰集团,清明,-0.005233042816574613,1.453253361236864,-2.627851191084831,5
300972.SZ,万辰集团,春节,-0.010623484352877351,-0.7170245979309371,4.8130391948460165,4
300972.SZ,万辰集团,中秋,-0.01357466124472759,-3.0094882631048576,-1.981079327873262,3
300972.SZ,万辰集团,端午,-0.015274636555658817,-2.8723184317071073,-3.1419393114714227,4
300973.SZ,立高食品,五一,0.027949072170635483,12.235738978116496,4.102384138989235,4
300973.SZ,立高食品,国庆,0.020439400455861408,8.956556596174575,-4.181700689267558,5
300973.SZ,立高食品,春节,0.0009858303345758504,1.466082444252706,-1.5826347178084954,4
300973.SZ,立高食品,端午,0.0005316724800848979,1.5899618880438282,-2.3140826356929214,4
300973.SZ,立高食品,中秋,-0.012298646793823979,-3.807210849773627,11.882479245322235,3
300973.SZ,立高食品,清明,-0.023999393620388533,-6.439784009126138,-3.281880876879531,5
300999.SZ,金龙鱼,国庆,0.03722536234427768,7.572170751288513,8.960900560894272,6
300999.SZ,金龙鱼,清明,0.008744373461985,1.7816850637068242,-5.255660910366781,6
300999.SZ,金龙鱼,五一,0.006183002378423934,1.672107183729862,0.20663370524852398,4
300999.SZ,金龙鱼,端午,-3.839531587811515e-05,0.36156936524069083,-0.5815425258915791,4
300999.SZ,金龙鱼,春节,-0.0008465430119179036,0.16120792030598805,-5.189777447130209,5
300999.SZ,金龙鱼,中秋,-0.008898693674354535,-1.4957436222754954,2.308590083516752,3
301116.SZ,益客食品,国庆,0.0018814530361549293,1.92172394662922,-0.8174294192905385,4
301116.SZ,益客食品,中秋,-0.012453490442998398,-4.257121574176276,2.6188156964221116,2
301116.SZ,益客食品,五一,-0.01269476950011341,-2.717919268018709,4.011290351336657,3
301116.SZ,益客食品,清明,-0.020828562890982224,-4.134122277150089,-3.8053757979078133,5
301116.SZ,益客食品,端午,-0.022529443084209632,-6.902529746176026,3.396469183543667,3
301116.SZ,益客食品,春节,-0.060940108684257886,-16.309204994771168,7.224047117355042,4
301206.SZ,三元生物,国庆,0.039291292412648796,3.9421479052966806,-1.4419065816807686,4
301206.SZ,三元生物,端午,0.0011306050105247512,-0.22231437802620047,2.875208434591529,3
301206.SZ,三元生物,春节,0.001070736649299249,-0.4563703438628404,2.931391201864844,4
301206.SZ,三元生物,五一,-0.00218553202649993,-0.5909958825078355,6.774262600286225,3
301206.SZ,三元生物,中秋,-0.030764011586478686,-4.788674026236656,-0.9986989826392123,2
301206.SZ,三元生物,清明,-0.06156765165632075,-5.511458371773762,-2.5036673257846687,5
600073.SH,光明肉业,清明,0.02475342586156167,1.7880067167582112,-0.7579216923704969,14
600073.SH,光明肉业,五一,0.024666077448200003,2.450067880577265,0.80780291822148,7
600073.SH,光明肉业,中秋,0.0029062361741995584,0.308398311836892,-0.03898529525994299,6
600073.SH,光明肉业,国庆,-0.013223182430389887,-1.1112002168516208,-1.7461527829387211,10
600073.SH,光明肉业,端午,-0.01921159194157723,-1.9346672723605907,-0.9029507230018303,8
600073.SH,光明肉业,春节,-0.03778814030251069,-3.3763833994564676,3.702692111479729,10
600186.SH,莲花控股,春节,0.019668237467459725,2.3602725712231862,8.485137321015022,10
600186.SH,莲花控股,国庆,0.01085842386257514,1.6509109467474434,2.339336365028524,10
600186.SH,莲花控股,端午,-0.009678992876551223,-0.7563222055071122,0.7942790284140067,8
600186.SH,莲花控股,五一,-0.010628542724003931,-1.3501535183453015,-2.728295736507436,7
600186.SH,莲花控股,清明,-0.022011967791035474,-1.8043080543569288,-0.21238893318325516,14
600186.SH,莲花控股,中秋,-0.022103451487379414,-3.0149892920695383,0.22300554071390533,6
600191.SH,华资实业,清明,0.024600591507657487,3.7472084803878127,-2.334806730456615,14
600191.SH,华资实业,中秋,-0.005894655118086762,-0.8486974552016209,1.6751309999382051,6
600191.SH,华资实业,国庆,-0.02283983692668426,-2.4561759486908827,1.230440128444534,10
600191.SH,华资实业,端午,-0.028506593202923394,-3.891018850592826,0.6798303615223154,8
600191.SH,华资实业,五一,-0.039031329336507124,-5.962021567948993,0.9824959647613857,7
600191.SH,华资实业,春节,-0.059409531194655626,-6.973224233057829,7.441620053744826,10
600298.SH,安琪酵母,国庆,0.03326608064131293,3.7186058556984207,0.8202059987988687,10
600298.SH,安琪酵母,清明,0.02366894088142184,2.392339451217311,0.7334210926365079,14
600298.SH,安琪酵母,春节,0.016794764795301204,1.9851386010711694,1.2424121740393812,10
600298.SH,安琪酵母,端午,0.0007153002561930704,0.6956893302258471,1.690157183347918,8
600298.SH,安琪酵母,五一,-0.0026905215542214573,0.22168505271715752,3.7327287318041846,7
600298.SH,安琪酵母,中秋,-0.011537760636501367,-0.8188124236578759,2.8274547090287907,6
600305.SH,恒顺醋业,国庆,0.04060236606507052,3.8924275564420134,-2.049410780557936,10
600305.SH,恒顺醋业,清明,0.0022039741727018264,0.3079538555601718,1.559782509497346,14
600305.SH,恒顺醋业,端午,-0.0010576813536034336,0.16056310433928256,2.5255785109134465,8
600305.SH,恒顺醋业,春节,-0.0037763803459001993,-0.20853291289717674,0.0211553162810064,10
600305.SH,恒顺醋业,五一,-0.0056146903182290485,-0.43417625289965084,2.5948146145580457,7
600305.SH,恒顺醋业,中秋,-0.009194965351042693,-0.8579414952926929,3.2116590965898424,6
600737.SH,中粮糖业,端午,0.01078512038437699,1.3494702273831802,1.4569229734655467,8
600737.SH,中粮糖业,清明,-0.006547534212503099,-0.1677820111122876,0.8223346975263733,14
600737.SH,中粮糖业,中秋,-0.007684054268065885,-0.749801518584472,0.7549272532531223,6
600737.SH,中粮糖业,国庆,-0.0229062319887591,-1.6881764669690047,0.8634928651850995,10
600737.SH,中粮糖业,春节,-0.026232892104823293,-2.2294893271832295,5.41313405918156,10
600737.SH,中粮糖业,五一,-0.03938383566062881,-4.049628599605728,1.0150818007224853,7
600872.SH,中炬高新,国庆,0.0583053045645667,6.553505078798071,-1.2804889253551,10
600872.SH,中炬高新,清明,0.025717576780811158,2.488444213231888,-0.6279539714121327,14
600872.SH,中炬高新,春节,0.017261564641008434,1.8723668700309706,0.888024655483871,10
600872.SH,中炬高新,端午,0.0008756333181133485,0.41532546167371553,0.3664932744470897,8
600872.SH,中炬高新,五一,-0.007411096852447189,-0.4802417454390729,1.4225212980701165,7
600872.SH,中炬高新,中秋,-0.016044328312075275,-1.638860485626422,4.119687945525513,6
600873.SH,梅花生物,清明,0.019794327647935015,1.5345152057327358,-0.16987227694373597,12
600873.SH,梅花生物,国庆,-0.0013226876195994305,0.28731912786776415,-0.262887573011844,10
600873.SH,梅花生物,春节,-0.013580854698924297,-0.7440995952116547,1.6294334246572895,9
600873.SH,梅花生物,五一,-0.020027884894504015,-1.492893657912997,1.2298120749313546,7
600873.SH,梅花生物,中秋,-0.02081476654762761,-1.7627906960333801,-0.37395210659319683,6
600873.SH,梅花生物,端午,-0.02526491864755428,-1.8245499551951745,0.2300151965127616,8
600929.SH,雪天盐业,清明,0.06709829987842858,9.40490778876005,8.762616991178499,10
600929.SH,雪天盐业,中秋,-0.0018499228045384085,0.1474940531643476,-3.63201761937725,5
600929.SH,雪天盐业,国庆,-0.016514515318016995,-1.0837191936178938,-2.7165593893497584,8
600929.SH,雪天盐业,端午,-0.02137308066642474,-2.16121135482596,0.5481280296320524,7
600929.SH,雪天盐业,五一,-0.030201017780634127,-3.224418759129227,2.499947542534836,6
600929.SH,雪天盐业,春节,-0.03662356921151154,-3.708746029962156,3.65233658222189,7
603020.SH,爱普股份,清明,0.008349499505593452,0.6979489844284537,-2.067442708119664,14
603020.SH,爱普股份,国庆,0.0011743118618346817,0.14885647186043363,-2.026057470861206,10
603020.SH,爱普股份,中秋,0.00018673404782361402,-0.031214078488219405,0.02583825714587699,6
603020.SH,爱普股份,五一,-0.0012000155347874238,-0.3015444348520188,15.101867593385917,7
603020.SH,爱普股份,春节,-0.03776104943805793,-3.8547064142995495,3.6361455883906686,10
603020.SH,爱普股份,端午,-0.0431316246650074,-4.660464565679932,2.785094136063956,8
603027.SH,千禾味业,国庆,0.05393266435395485,7.541430763643899,1.219996012516085,10
603027.SH,千禾味业,端午,0.00674118429910546,1.7334541806588208,2.9263213915673525,8
603027.SH,千禾味业,清明,0.0014172784799222678,0.9583424121930378,-0.1053065950082689,14
603027.SH,千禾味业,春节,-5.354869290633329e-05,0.9033879584351866,0.2761720832301353,9
603027.SH,千禾味业,中秋,-0.02523654182134962,-2.771677390746852,4.440281925918888,6
603027.SH,千禾味业,五一,-0.02941853239452635,-3.252351718275515,5.343688261009231,7
603043.SH,广州酒家,国庆,0.002341716987373179,0.9829926241559365,-5.083273405991796,9
603043.SH,广州酒家,清明,-0.0053073257376097804,-0.02002325478859377,3.026023208321583,10
603043.SH,广州酒家,端午,-0.006033564748402428,-0.17118878845709157,-1.430582517245279,7
603043.SH,广州酒家,五一,-0.017736873959470448,-1.6839620454888717,0.04920187951764262,6
603043.SH,广州酒家,春节,-0.03292925519155301,-2.8046992197478318,-0.020432073711497578,8
603043.SH,广州酒家,中秋,-0.04070827932893286,-4.682539352247259,1.9092279465650996,5
603057.SH,紫燕食品,国庆,0.21153395069781022,30.62382906113595,-5.9900113787141835,4
603057.SH,紫燕食品,清明,0.0072880779100904505,1.7980336050146557,1.168328642003802,3
603057.SH,紫燕食品,春节,-0.015505479007188303,-1.2113205597610606,0.8658711163602802,3
603057.SH,紫燕食品,中秋,-0.01721191734742377,-3.044116445489853,12.22445534979597,1
603057.SH,紫燕食品,五一,-0.028714751269277115,-2.8534117662839233,0.42508200175326677,3
603057.SH,紫燕食品,端午,-0.03340702160181107,-4.397530110685722,0.467788887737425,2
603079.SH,圣达生物,清明,0.026736742342964324,4.518781276419775,-0.9115945162142566,10
603079.SH,圣达生物,五一,0.02109025300395276,4.632777121633858,-0.06347635133785993,6
603079.SH,圣达生物,中秋,0.020565642039280824,4.3122838583150624,-3.6240743070620596,5
603079.SH,圣达生物,国庆,-0.0033842561642004085,0.2585312192541597,-1.9109881189275317,9
603079.SH,圣达生物,端午,-0.02463472225590029,-2.9367474709342245,1.8883199929054324,7
603079.SH,圣达生物,春节,-0.062294551006995005,-6.869929637333474,7.636887305363635,8
603170.SH,宝立食品,国庆,0.05494317666319793,7.5165109939923065,-2.0114863498822886,4
603170.SH,宝立食品,清明,0.007150148765870279,1.6066895673881643,-6.09749174149434,3
603170.SH,宝立食品,春节,-0.022661172806107542,-2.6102202756081625,-1.6822142343851783,3
603170.SH,宝立食品,五一,-0.026729765042230784,-3.147515761986497,1.078541931808023,3
603170.SH,宝立食品,端午,-0.02868524048491187,-4.140179150746443,0.20530466625482968,2
603170.SH,宝立食品,中秋,-0.05640804122488517,-8.575001185543584,5.951270355333077,2
603182.SH,嘉华股份,中秋,0.1818456984524953,20.653348669582083,20.529585743723054,2
603182.SH,嘉华股份,五一,0.018831251169425703,3.09780816431106,6.135408478961338,3
603182.SH,嘉华股份,清明,0.010375134928707872,1.9790889298405672,-6.349916606167021,3
603182.SH,嘉华股份,国庆,0.0014809237771994566,0.8825357476332865,-0.9540221112672247,4
603182.SH,嘉华股份,端午,-0.03802444663849723,-4.876196450397069,1.8830057702080016,2
603182.SH,嘉华股份,春节,-0.07218570993683275,-7.372541261420658,7.498591777749982,3
603231.SH,索宝蛋白,国庆,0.06453701419293674,9.130103324503569,-4.7186340659433395,2
603231.SH,索宝蛋白,清明,0.022583491571150235,3.232665219784664,-7.048308562201333,2
603231.SH,索宝蛋白,五一,0.008661355894308682,1.1587584716390948,5.204656198418463,3
603231.SH,索宝蛋白,中秋,-0.02202662255115252,-3.77606306457271,6.517031712937071,1
603231.SH,索宝蛋白,春节,-0.04141469741433819,-5.364978136027087,5.822548433607699,2
603231.SH,索宝蛋白,端午,-0.04995780342867574,-8.785492449279008,5.269119118424426,1
603237.SH,五芳斋,清明,0.024905693351688546,3.2237543382034253,-3.998554787802503,3
603237.SH,五芳斋,春节,0.004024138400517632,0.5829284828599716,1.7705967150335085,3
603237.SH,五芳斋,国庆,-0.008006699222078412,-0.2120131848691924,-2.959716394958642,4
603237.SH,五芳斋,端午,-0.05207576695097028,-7.276364091845122,-6.290831150293197,2
603237.SH,五芳斋,中秋,-0.053859289339698926,-8.244671192451559,2.1973887512088397,2
603237.SH,五芳斋,五一,-0.05645306688154199,-6.420888816085117,-1.3098335452991994,3
603262.SH,技源集团,国庆,-0.02080039366012155,-2.6356832165246646,-2.8722170146032955,1
603288.SH,海天味业,国庆,0.0836641784411863,7.842402890639349,-2.415900294516032,10
603288.SH,海天味业,清明,0.05639804271087205,4.443658367537844,-0.3972005387650167,14
603288.SH,海天味业,五一,0.014392628096211647,1.730828832731706,2.176677769522495,7
603288.SH,海天味业,春节,0.007442770714414651,0.9595788698367202,-0.05381872009596487,10
603288.SH,海天味业,端午,0.00453416729333328,0.7754568922961267,-0.19057666307940596,8
603288.SH,海天味业,中秋,0.003766225432534226,0.8353754505104002,6.1561969474188345,6
603299.SH,苏盐井神,端午,0.004427072120294097,1.0202383296091704,2.453665924168731,8
603299.SH,苏盐井神,中秋,0.0030433121977561325,0.8237953485744963,-4.249165746914331,6
603299.SH,苏盐井神,春节,-0.0060286298624414245,-0.3271441329660873,6.034997017498159,10
603299.SH,苏盐井神,清明,-0.01600487058037961,-1.0154648503219355,-0.2685532594786536,14
603299.SH,苏盐井神,国庆,-0.03155349265074775,-2.947837671468957,-2.58063357358261,9
603299.SH,苏盐井神,五一,-0.04695008157097413,-5.6501759185344484,3.9524050499944665,7
603317.SH,天味食品,国庆,0.06584436686113201,9.393948894308048,1.9827574436440532,7
603317.SH,天味食品,清明,0.02808101014414491,4.060883200065151,3.8510660163454604,8
603317.SH,天味食品,五一,0.0232122560743364,4.826196154343735,4.198569581026951,6
603317.SH,天味食品,端午,-0.009815515667840677,-0.3248357561038529,2.782732743659888,6
603317.SH,天味食品,春节,-0.010337206383759148,-0.43697497625926873,-3.699773021963432,6
603317.SH,天味食品,中秋,-0.02968218803019712,-4.163857865141435,8.52194079560934,4
603345.SH,安井食品,国庆,0.04582387232768148,6.889471793343198,-2.473182796028025,9
603345.SH,安井食品,清明,0.03146480465616468,4.511940249213366,2.1816479499053743,10
603345.SH,安井食品,中秋,-0.014554422266140682,-1.2827198220985836,5.090186379655988,5
603345.SH,安井食品,春节,-0.020273292742022213,-1.6137193702155648,1.0483474433373066,8
603345.SH,安井食品,五一,-0.02350589784219689,-1.1364947757429948,1.9355345105484025,7
603345.SH,安井食品,端午,-0.03636989961734241,-3.9494073450509597,2.060923152167815,7
603517.SH,ST绝味,国庆,0.06184303539267887,8.001189912358274,-3.431994066300223,9
603517.SH,ST绝味,清明,0.051685069051104135,6.429113196984545,-0.6003948088137271,12
603517.SH,ST绝味,五一,0.004729665493166981,1.0194990462046953,1.5517858799830648,7
603517.SH,ST绝味,端午,-0.013143744772176941,-1.4114772606425876,-3.6011569354253976,7
603517.SH,ST绝味,春节,-0.017447723890638374,-1.8503967362913278,2.006694263863222,8
603517.SH,ST绝味,中秋,-0.017824639075852532,-2.4496622856014283,5.8504270882852065,5
603536.SH,惠发食品,清明,0.006414231311966693,2.0154488336341263,0.633290577450335,10
603536.SH,惠发食品,国庆,-0.000572919334101014,0.8454409404303663,-1.8962129272995338,9
603536.SH,惠发食品,中秋,-0.002074835471666561,0.1114045533357233,3.9444447199366373,5
603536.SH,惠发食品,端午,-0.049042548463283486,-6.8352439158613825,0.9360109411129792,7
603536.SH,惠发食品,五一,-0.060206352851669816,-9.47808590129421,5.434412795975657,6
603536.SH,惠发食品,春节,-0.10080099723272047,-13.33770300052834,8.670989456426497,8
603696.SH,安记食品,五一,-0.003212474644043589,-0.7184484784708963,13.91772247659691,7
603696.SH,安记食品,国庆,-0.004924575966392875,-0.273052032532043,-2.19377689444323,10
603696.SH,安记食品,中秋,-0.008240520018591093,-1.1667543790077415,1.0656083527679456,6
603696.SH,安记食品,端午,-0.01633448827919605,-2.2185533644827506,4.561589926962511,8
603696.SH,安记食品,清明,-0.0209388368103054,-1.7824747624059114,-0.5315523563066857,14
603696.SH,安记食品,春节,-0.05746273341644071,-6.7574822339926275,6.679295407441084,10
603697.SH,有友食品,五一,0.01324855228068154,2.295524967590321,25.6170463594683,6
603697.SH,有友食品,端午,-0.004466984359207733,-0.15004227173438553,2.0075944942472446,6
603697.SH,有友食品,中秋,-0.004732454207738327,-0.04508288640096558,2.3610805611835177,4
603697.SH,有友食品,国庆,-0.0068281999583885205,0.10436902877967295,-1.0725982832344,7
603697.SH,有友食品,清明,-0.02663151235962458,-2.262174353516637,-0.6756400472461286,7
603697.SH,有友食品,春节,-0.03893429368581975,-4.572013636688182,3.4278204756849227,6
603719.SH,良品铺子,国庆,0.05594739603630981,7.906049439915076,-4.621728344458355,6
603719.SH,良品铺子,五一,0.031989316438934656,5.027572228130513,0.7073803189633199,5
603719.SH,良品铺子,清明,0.0009258703167217241,0.4802204555383508,-4.050930474716204,7
603719.SH,良品铺子,端午,-0.011931709407382926,-1.3603868728768287,-1.33805145502488,5
603719.SH,良品铺子,中秋,-0.03030406347978647,-5.192114191915679,9.742829007921946,3
603719.SH,良品铺子,春节,-0.03483397411231629,-4.892038753154013,3.209779694832784,5
603755.SH,日辰股份,中秋,0.03132457425782299,6.952687522714002,2.125347986132897,4
603755.SH,日辰股份,国庆,0.018824797904325962,3.00068791509329,0.510685688455673,7
603755.SH,日辰股份,端午,0.01826190684648667,3.2667348778284016,-0.8006965306538681,5
603755.SH,日辰股份,五一,0.00614641808991883,1.5189259049026773,7.180783981043983,5
603755.SH,日辰股份,清明,0.0011667079353037907,0.5592401717276073,-2.7711989052044435,7
603755.SH,日辰股份,春节,-0.09191663726011022,-11.115596261127296,3.360204460155519,6
603777.SH,来伊份,国庆,0.0024834704117827813,0.998937550843363,8.035246972500769,10
603777.SH,来伊份,端午,0.002308920003886471,0.9707178454722943,0.893364217986736,7
603777.SH,来伊份,五一,-0.006536022561234848,-0.6642151265466888,7.193140153704037,7
603777.SH,来伊份,清明,-0.01216382423659196,-0.8901202274373539,2.832711196726283,12
603777.SH,来伊份,中秋,-0.016401123581790397,-2.484276246747008,3.28458659619906,5
603777.SH,来伊份,春节,-0.09870246971613555,-12.51015116591226,1.6916537979339143,9
603866.SH,桃李面包,国庆,0.04430184089587421,4.635566824343455,-1.4240626909282625,10
603866.SH,桃李面包,春节,-0.004332649246240025,-0.5513699916470194,3.2221243159255444,10
603866.SH,桃李面包,清明,-0.004889168108613264,-0.3806923336201774,3.0667213021092077,14
603866.SH,桃李面包,中秋,-0.01355447174529799,-1.6996722074687074,3.4400499644351616,6
603866.SH,桃李面包,端午,-0.017119766553134762,-1.7908927950111413,0.14117738564332355,8
603866.SH,桃李面包,五一,-0.019064285325269284,-2.2191750487572826,1.2990231034558906,7
603886.SH,元祖股份,五一,-0.0257095274415524,-2.728218368003258,1.2571147890337389,7
603886.SH,元祖股份,国庆,-0.02897810656891604,-2.427074860589144,-3.9667893041898106,9
603886.SH,元祖股份,中秋,-0.029797529426839726,-3.7772499613266435,-0.026119684329355408,5
603886.SH,元祖股份,端午,-0.030361037710129674,-3.1677748147367595,2.6812085406809585,7
603886.SH,元祖股份,春节,-0.040222117167643345,-3.945287248208356,3.9309192681251606,9
603886.SH,元祖股份,清明,-0.04059130399672144,-3.151515591078294,-2.3151007935064647,12
605016.SH,百龙创园,五一,0.07400117300244366,12.90522399358396,11.807756525197206,4
605016.SH,百龙创园,国庆,0.005650835988903511,2.116521092741601,-0.18404506175154936,5
605016.SH,百龙创园,端午,0.0005605857856318639,1.5102565451281804,-0.5006377116310273,4
605016.SH,百龙创园,中秋,-0.004985225486621431,0.4142557273829506,-3.267056722609952,3
605016.SH,百龙创园,清明,-0.017797204566335077,-1.200235192236685,4.615003806951476,5
605016.SH,百龙创园,春节,-0.02684777551709048,-2.825739060783553,6.186805784142241,4
605077.SH,华康股份,春节,0.09783234221225078,10.562588270953349,4.779184748450998,5
605077.SH,华康股份,国庆,0.020411334346648248,2.7603851427880577,-1.696585930010961,5
605077.SH,华康股份,中秋,0.00973042066992896,1.5464396914538012,-1.9121808873370856,3
605077.SH,华康股份,清明,-0.021910210147803977,-1.9340965238102321,-3.16411158094132,6
605077.SH,华康股份,端午,-0.030264974099420357,-3.3243669984338835,0.0790842912249845,4
605077.SH,华康股份,五一,-0.03564853149332158,-3.8181867917506715,3.832484652451668,4
605089.SH,味知香,五一,0.11969701822594431,21.767315569666156,25.69137514575683,4
605089.SH,味知香,国庆,0.024104077279901485,4.378157585663041,-3.3157258916272325,5
605089.SH,味知香,清明,-0.026933259755975665,-3.3246806391073553,-1.1488664393912518,5
605089.SH,味知香,中秋,-0.030560966421149766,-4.639771324161409,6.655468883479884,3
605089.SH,味知香,端午,-0.045600626263783965,-6.305804968141324,-0.7270135231220665,4
605089.SH,味知香,春节,-0.07182771914181676,-9.875238296892086,8.917939566629599,4
605338.SH,巴比食品,国庆,0.021756914373688614,3.808017157703101,21.291803586535096,6
605338.SH,巴比食品,五一,-0.0113598839081827,-0.8063438862372845,-1.023772147785698,4
605338.SH,巴比食品,端午,-0.020393838069990594,-2.116993809977977,-1.2227905522066402,4
605338.SH,巴比食品,清明,-0.0239565936606434,-2.0024652854001257,-0.12656722579191992,6
605338.SH,巴比食品,中秋,-0.029083250164894412,-4.004461046070214,3.1025924364852817,3
605338.SH,巴比食品,春节,-0.0501349325686075,-5.508119049808835,-1.649627571806429,5
605339.SH,南侨食品,国庆,0.030532577620568806,3.8802218343720485,-0.31079680429630263,5
605339.SH,南侨食品,五一,0.015712124936804257,2.602914692996483,-1.8501521174337565,3
605339.SH,南侨食品,中秋,-0.037308121160886436,-4.857198452022796,0.6530390484160042,3
605339.SH,南侨食品,清明,-0.038650861627397774,-3.9528941526136117,-3.3157326401973903,5
605339.SH,南侨食品,春节,-0.06938655860451538,-7.882436223118744,3.6888807849725262,4
605339.SH,南侨食品,端午,-0.08619184830002605,-9.247974758492042,-1.6278268844953732,4
605567.SH,春雪食品,国庆,0.008618096794240904,1.5479506277165849,9.846159557426756,5
605567.SH,春雪食品,五一,-0.013763068968946846,-1.6941791869721108,3.8588415918539973,3
605567.SH,春雪食品,中秋,-0.036070982962503564,-5.789699622202831,0.7184437895614129,2
605567.SH,春雪食品,端午,-0.04023136189614848,-5.27535982523012,0.0806103550540264,3
605567.SH,春雪食品,清明,-0.04535577549069589,-4.28186035168739,-2.952704106584913,5
605567.SH,春雪食品,春节,-0.09331575755446972,-10.450204374578934,4.304544697494897,4
688089.SH,嘉必优,五一,0.04416999921277946,10.196249764652357,-1.3379680505093927,5
688089.SH,嘉必优,国庆,0.023573538166159456,5.192103833078542,-7.315207062533722,6
688089.SH,嘉必优,端午,-0.009273465722761736,-1.0649948618570002,2.0808668405938713,5
688089.SH,嘉必优,中秋,-0.025124742663122087,-5.503359826563643,0.18554292257616467,3
688089.SH,嘉必优,春节,-0.03296758985361194,-4.672364836344909,1.4440566984637495,6
688089.SH,嘉必优,清明,-0.036329781633981664,-5.102719743919636,-2.6296468314151764,7
